model,task,created,log_file,dimension,accuracy,stderr
openrouter/deepseek/deepseek-chat,tom_12dim_freeresponse,2026-07-14T18:38:40+00:00,file:///Users/Naiti/Documents/Documents_NBMacBookPro/2026/DevToM/devtom-openrouter/logs/2026-07-14T18-38-40-00-00_tom-12dim-freeresponse_bt4J7spmDxrUvFVYbU3e4N.eval,ALL (overall),0.8833333333333333,0.041793591990281174
openrouter/deepseek/deepseek-chat,tom_12dim_freeresponse,2026-07-14T18:38:40+00:00,file:///Users/Naiti/Documents/Documents_NBMacBookPro/2026/DevToM/devtom-openrouter/logs/2026-07-14T18-38-40-00-00_tom-12dim-freeresponse_bt4J7spmDxrUvFVYbU3e4N.eval,Diverse Beliefs,0.8,0.19999999999999998
openrouter/deepseek/deepseek-chat,tom_12dim_freeresponse,2026-07-14T18:38:40+00:00,file:///Users/Naiti/Documents/Documents_NBMacBookPro/2026/DevToM/devtom-openrouter/logs/2026-07-14T18-38-40-00-00_tom-12dim-freeresponse_bt4J7spmDxrUvFVYbU3e4N.eval,Diverse Desires,0.8,0.20000000000000004
openrouter/deepseek/deepseek-chat,tom_12dim_freeresponse,2026-07-14T18:38:40+00:00,file:///Users/Naiti/Documents/Documents_NBMacBookPro/2026/DevToM/devtom-openrouter/logs/2026-07-14T18-38-40-00-00_tom-12dim-freeresponse_bt4J7spmDxrUvFVYbU3e4N.eval,Emotion Recognition,1.0,0.0
openrouter/deepseek/deepseek-chat,tom_12dim_freeresponse,2026-07-14T18:38:40+00:00,file:///Users/Naiti/Documents/Documents_NBMacBookPro/2026/DevToM/devtom-openrouter/logs/2026-07-14T18-38-40-00-00_tom-12dim-freeresponse_bt4J7spmDxrUvFVYbU3e4N.eval,Faux Pas Detection,0.8,0.20000000000000004
openrouter/deepseek/deepseek-chat,tom_12dim_freeresponse,2026-07-14T18:38:40+00:00,file:///Users/Naiti/Documents/Documents_NBMacBookPro/2026/DevToM/devtom-openrouter/logs/2026-07-14T18-38-40-00-00_tom-12dim-freeresponse_bt4J7spmDxrUvFVYbU3e4N.eval,First-Order False Belief,1.0,0.0
openrouter/deepseek/deepseek-chat,tom_12dim_freeresponse,2026-07-14T18:38:40+00:00,file:///Users/Naiti/Documents/Documents_NBMacBookPro/2026/DevToM/devtom-openrouter/logs/2026-07-14T18-38-40-00-00_tom-12dim-freeresponse_bt4J7spmDxrUvFVYbU3e4N.eval,Hidden Emotion (Appearance vs. Reality),1.0,0.0
openrouter/deepseek/deepseek-chat,tom_12dim_freeresponse,2026-07-14T18:38:40+00:00,file:///Users/Naiti/Documents/Documents_NBMacBookPro/2026/DevToM/devtom-openrouter/logs/2026-07-14T18-38-40-00-00_tom-12dim-freeresponse_bt4J7spmDxrUvFVYbU3e4N.eval,Intention vs. Accident,0.8,0.20000000000000004
openrouter/deepseek/deepseek-chat,tom_12dim_freeresponse,2026-07-14T18:38:40+00:00,file:///Users/Naiti/Documents/Documents_NBMacBookPro/2026/DevToM/devtom-openrouter/logs/2026-07-14T18-38-40-00-00_tom-12dim-freeresponse_bt4J7spmDxrUvFVYbU3e4N.eval,Irony,1.0,0.0
openrouter/deepseek/deepseek-chat,tom_12dim_freeresponse,2026-07-14T18:38:40+00:00,file:///Users/Naiti/Documents/Documents_NBMacBookPro/2026/DevToM/devtom-openrouter/logs/2026-07-14T18-38-40-00-00_tom-12dim-freeresponse_bt4J7spmDxrUvFVYbU3e4N.eval,Knowledge Access / Ignorance,0.8,0.19999999999999998
openrouter/deepseek/deepseek-chat,tom_12dim_freeresponse,2026-07-14T18:38:40+00:00,file:///Users/Naiti/Documents/Documents_NBMacBookPro/2026/DevToM/devtom-openrouter/logs/2026-07-14T18-38-40-00-00_tom-12dim-freeresponse_bt4J7spmDxrUvFVYbU3e4N.eval,Sarcasm,1.0,0.0
openrouter/deepseek/deepseek-chat,tom_12dim_freeresponse,2026-07-14T18:38:40+00:00,file:///Users/Naiti/Documents/Documents_NBMacBookPro/2026/DevToM/devtom-openrouter/logs/2026-07-14T18-38-40-00-00_tom-12dim-freeresponse_bt4J7spmDxrUvFVYbU3e4N.eval,Second-Order False Belief,0.6,0.24494897427831783
openrouter/deepseek/deepseek-chat,tom_12dim_freeresponse,2026-07-14T18:38:40+00:00,file:///Users/Naiti/Documents/Documents_NBMacBookPro/2026/DevToM/devtom-openrouter/logs/2026-07-14T18-38-40-00-00_tom-12dim-freeresponse_bt4J7spmDxrUvFVYbU3e4N.eval,White Lies / Prosocial Deception,1.0,0.0
openrouter/deepseek/deepseek-chat-v3-0324,tom_12dim_freeresponse,2026-07-14T18:40:52+00:00,file:///Users/Naiti/Documents/Documents_NBMacBookPro/2026/DevToM/devtom-openrouter/logs/2026-07-14T18-40-52-00-00_tom-12dim-freeresponse_9uVLnkt5L7KXfi7hqhDbry.eval,ALL (overall),0.9333333333333333,0.03247482002983031
openrouter/deepseek/deepseek-chat-v3-0324,tom_12dim_freeresponse,2026-07-14T18:40:52+00:00,file:///Users/Naiti/Documents/Documents_NBMacBookPro/2026/DevToM/devtom-openrouter/logs/2026-07-14T18-40-52-00-00_tom-12dim-freeresponse_9uVLnkt5L7KXfi7hqhDbry.eval,Diverse Beliefs,1.0,0.0
openrouter/deepseek/deepseek-chat-v3-0324,tom_12dim_freeresponse,2026-07-14T18:40:52+00:00,file:///Users/Naiti/Documents/Documents_NBMacBookPro/2026/DevToM/devtom-openrouter/logs/2026-07-14T18-40-52-00-00_tom-12dim-freeresponse_9uVLnkt5L7KXfi7hqhDbry.eval,Diverse Desires,0.8,0.20000000000000004
openrouter/deepseek/deepseek-chat-v3-0324,tom_12dim_freeresponse,2026-07-14T18:40:52+00:00,file:///Users/Naiti/Documents/Documents_NBMacBookPro/2026/DevToM/devtom-openrouter/logs/2026-07-14T18-40-52-00-00_tom-12dim-freeresponse_9uVLnkt5L7KXfi7hqhDbry.eval,Emotion Recognition,1.0,0.0
openrouter/deepseek/deepseek-chat-v3-0324,tom_12dim_freeresponse,2026-07-14T18:40:52+00:00,file:///Users/Naiti/Documents/Documents_NBMacBookPro/2026/DevToM/devtom-openrouter/logs/2026-07-14T18-40-52-00-00_tom-12dim-freeresponse_9uVLnkt5L7KXfi7hqhDbry.eval,Faux Pas Detection,0.6,0.24494897427831783
openrouter/deepseek/deepseek-chat-v3-0324,tom_12dim_freeresponse,2026-07-14T18:40:52+00:00,file:///Users/Naiti/Documents/Documents_NBMacBookPro/2026/DevToM/devtom-openrouter/logs/2026-07-14T18-40-52-00-00_tom-12dim-freeresponse_9uVLnkt5L7KXfi7hqhDbry.eval,First-Order False Belief,1.0,0.0
openrouter/deepseek/deepseek-chat-v3-0324,tom_12dim_freeresponse,2026-07-14T18:40:52+00:00,file:///Users/Naiti/Documents/Documents_NBMacBookPro/2026/DevToM/devtom-openrouter/logs/2026-07-14T18-40-52-00-00_tom-12dim-freeresponse_9uVLnkt5L7KXfi7hqhDbry.eval,Hidden Emotion (Appearance vs. Reality),1.0,0.0
openrouter/deepseek/deepseek-chat-v3-0324,tom_12dim_freeresponse,2026-07-14T18:40:52+00:00,file:///Users/Naiti/Documents/Documents_NBMacBookPro/2026/DevToM/devtom-openrouter/logs/2026-07-14T18-40-52-00-00_tom-12dim-freeresponse_9uVLnkt5L7KXfi7hqhDbry.eval,Intention vs. Accident,1.0,0.0
openrouter/deepseek/deepseek-chat-v3-0324,tom_12dim_freeresponse,2026-07-14T18:40:52+00:00,file:///Users/Naiti/Documents/Documents_NBMacBookPro/2026/DevToM/devtom-openrouter/logs/2026-07-14T18-40-52-00-00_tom-12dim-freeresponse_9uVLnkt5L7KXfi7hqhDbry.eval,Irony,1.0,0.0
openrouter/deepseek/deepseek-chat-v3-0324,tom_12dim_freeresponse,2026-07-14T18:40:52+00:00,file:///Users/Naiti/Documents/Documents_NBMacBookPro/2026/DevToM/devtom-openrouter/logs/2026-07-14T18-40-52-00-00_tom-12dim-freeresponse_9uVLnkt5L7KXfi7hqhDbry.eval,Knowledge Access / Ignorance,1.0,0.0
openrouter/deepseek/deepseek-chat-v3-0324,tom_12dim_freeresponse,2026-07-14T18:40:52+00:00,file:///Users/Naiti/Documents/Documents_NBMacBookPro/2026/DevToM/devtom-openrouter/logs/2026-07-14T18-40-52-00-00_tom-12dim-freeresponse_9uVLnkt5L7KXfi7hqhDbry.eval,Sarcasm,1.0,0.0
openrouter/deepseek/deepseek-chat-v3-0324,tom_12dim_freeresponse,2026-07-14T18:40:52+00:00,file:///Users/Naiti/Documents/Documents_NBMacBookPro/2026/DevToM/devtom-openrouter/logs/2026-07-14T18-40-52-00-00_tom-12dim-freeresponse_9uVLnkt5L7KXfi7hqhDbry.eval,Second-Order False Belief,0.8,0.19999999999999998
openrouter/deepseek/deepseek-chat-v3-0324,tom_12dim_freeresponse,2026-07-14T18:40:52+00:00,file:///Users/Naiti/Documents/Documents_NBMacBookPro/2026/DevToM/devtom-openrouter/logs/2026-07-14T18-40-52-00-00_tom-12dim-freeresponse_9uVLnkt5L7KXfi7hqhDbry.eval,White Lies / Prosocial Deception,1.0,0.0
openrouter/deepseek/deepseek-r1,tom_12dim_freeresponse,2026-07-14T18:38:52+00:00,file:///Users/Naiti/Documents/Documents_NBMacBookPro/2026/DevToM/devtom-openrouter/logs/2026-07-14T18-38-52-00-00_tom-12dim-freeresponse_XAVt4WQqNWF64qwTQFosiG.eval,ALL (overall),0.95,0.028374015326751195
openrouter/deepseek/deepseek-r1,tom_12dim_freeresponse,2026-07-14T18:38:52+00:00,file:///Users/Naiti/Documents/Documents_NBMacBookPro/2026/DevToM/devtom-openrouter/logs/2026-07-14T18-38-52-00-00_tom-12dim-freeresponse_XAVt4WQqNWF64qwTQFosiG.eval,Diverse Beliefs,1.0,0.0
openrouter/deepseek/deepseek-r1,tom_12dim_freeresponse,2026-07-14T18:38:52+00:00,file:///Users/Naiti/Documents/Documents_NBMacBookPro/2026/DevToM/devtom-openrouter/logs/2026-07-14T18-38-52-00-00_tom-12dim-freeresponse_XAVt4WQqNWF64qwTQFosiG.eval,Diverse Desires,0.8,0.20000000000000004
openrouter/deepseek/deepseek-r1,tom_12dim_freeresponse,2026-07-14T18:38:52+00:00,file:///Users/Naiti/Documents/Documents_NBMacBookPro/2026/DevToM/devtom-openrouter/logs/2026-07-14T18-38-52-00-00_tom-12dim-freeresponse_XAVt4WQqNWF64qwTQFosiG.eval,Emotion Recognition,1.0,0.0
openrouter/deepseek/deepseek-r1,tom_12dim_freeresponse,2026-07-14T18:38:52+00:00,file:///Users/Naiti/Documents/Documents_NBMacBookPro/2026/DevToM/devtom-openrouter/logs/2026-07-14T18-38-52-00-00_tom-12dim-freeresponse_XAVt4WQqNWF64qwTQFosiG.eval,Faux Pas Detection,0.8,0.20000000000000004
openrouter/deepseek/deepseek-r1,tom_12dim_freeresponse,2026-07-14T18:38:52+00:00,file:///Users/Naiti/Documents/Documents_NBMacBookPro/2026/DevToM/devtom-openrouter/logs/2026-07-14T18-38-52-00-00_tom-12dim-freeresponse_XAVt4WQqNWF64qwTQFosiG.eval,First-Order False Belief,0.8,0.19999999999999998
openrouter/deepseek/deepseek-r1,tom_12dim_freeresponse,2026-07-14T18:38:52+00:00,file:///Users/Naiti/Documents/Documents_NBMacBookPro/2026/DevToM/devtom-openrouter/logs/2026-07-14T18-38-52-00-00_tom-12dim-freeresponse_XAVt4WQqNWF64qwTQFosiG.eval,Hidden Emotion (Appearance vs. Reality),1.0,0.0
openrouter/deepseek/deepseek-r1,tom_12dim_freeresponse,2026-07-14T18:38:52+00:00,file:///Users/Naiti/Documents/Documents_NBMacBookPro/2026/DevToM/devtom-openrouter/logs/2026-07-14T18-38-52-00-00_tom-12dim-freeresponse_XAVt4WQqNWF64qwTQFosiG.eval,Intention vs. Accident,1.0,0.0
openrouter/deepseek/deepseek-r1,tom_12dim_freeresponse,2026-07-14T18:38:52+00:00,file:///Users/Naiti/Documents/Documents_NBMacBookPro/2026/DevToM/devtom-openrouter/logs/2026-07-14T18-38-52-00-00_tom-12dim-freeresponse_XAVt4WQqNWF64qwTQFosiG.eval,Irony,1.0,0.0
openrouter/deepseek/deepseek-r1,tom_12dim_freeresponse,2026-07-14T18:38:52+00:00,file:///Users/Naiti/Documents/Documents_NBMacBookPro/2026/DevToM/devtom-openrouter/logs/2026-07-14T18-38-52-00-00_tom-12dim-freeresponse_XAVt4WQqNWF64qwTQFosiG.eval,Knowledge Access / Ignorance,1.0,0.0
openrouter/deepseek/deepseek-r1,tom_12dim_freeresponse,2026-07-14T18:38:52+00:00,file:///Users/Naiti/Documents/Documents_NBMacBookPro/2026/DevToM/devtom-openrouter/logs/2026-07-14T18-38-52-00-00_tom-12dim-freeresponse_XAVt4WQqNWF64qwTQFosiG.eval,Sarcasm,1.0,0.0
openrouter/deepseek/deepseek-r1,tom_12dim_freeresponse,2026-07-14T18:38:52+00:00,file:///Users/Naiti/Documents/Documents_NBMacBookPro/2026/DevToM/devtom-openrouter/logs/2026-07-14T18-38-52-00-00_tom-12dim-freeresponse_XAVt4WQqNWF64qwTQFosiG.eval,Second-Order False Belief,1.0,0.0
openrouter/deepseek/deepseek-r1,tom_12dim_freeresponse,2026-07-14T18:38:52+00:00,file:///Users/Naiti/Documents/Documents_NBMacBookPro/2026/DevToM/devtom-openrouter/logs/2026-07-14T18-38-52-00-00_tom-12dim-freeresponse_XAVt4WQqNWF64qwTQFosiG.eval,White Lies / Prosocial Deception,1.0,0.0
openrouter/deepseek/deepseek-r1-0528,tom_12dim_freeresponse,2026-07-14T18:43:45+00:00,file:///Users/Naiti/Documents/Documents_NBMacBookPro/2026/DevToM/devtom-openrouter/logs/2026-07-14T18-43-45-00-00_tom-12dim-freeresponse_7tMmFSAWSVgGuBTNQjcWki.eval,ALL (overall),0.9833333333333333,0.016666666666666666
openrouter/deepseek/deepseek-r1-0528,tom_12dim_freeresponse,2026-07-14T18:43:45+00:00,file:///Users/Naiti/Documents/Documents_NBMacBookPro/2026/DevToM/devtom-openrouter/logs/2026-07-14T18-43-45-00-00_tom-12dim-freeresponse_7tMmFSAWSVgGuBTNQjcWki.eval,Diverse Beliefs,1.0,0.0
openrouter/deepseek/deepseek-r1-0528,tom_12dim_freeresponse,2026-07-14T18:43:45+00:00,file:///Users/Naiti/Documents/Documents_NBMacBookPro/2026/DevToM/devtom-openrouter/logs/2026-07-14T18-43-45-00-00_tom-12dim-freeresponse_7tMmFSAWSVgGuBTNQjcWki.eval,Diverse Desires,1.0,0.0
openrouter/deepseek/deepseek-r1-0528,tom_12dim_freeresponse,2026-07-14T18:43:45+00:00,file:///Users/Naiti/Documents/Documents_NBMacBookPro/2026/DevToM/devtom-openrouter/logs/2026-07-14T18-43-45-00-00_tom-12dim-freeresponse_7tMmFSAWSVgGuBTNQjcWki.eval,Emotion Recognition,1.0,0.0
openrouter/deepseek/deepseek-r1-0528,tom_12dim_freeresponse,2026-07-14T18:43:45+00:00,file:///Users/Naiti/Documents/Documents_NBMacBookPro/2026/DevToM/devtom-openrouter/logs/2026-07-14T18-43-45-00-00_tom-12dim-freeresponse_7tMmFSAWSVgGuBTNQjcWki.eval,Faux Pas Detection,0.8,0.20000000000000004
openrouter/deepseek/deepseek-r1-0528,tom_12dim_freeresponse,2026-07-14T18:43:45+00:00,file:///Users/Naiti/Documents/Documents_NBMacBookPro/2026/DevToM/devtom-openrouter/logs/2026-07-14T18-43-45-00-00_tom-12dim-freeresponse_7tMmFSAWSVgGuBTNQjcWki.eval,First-Order False Belief,1.0,0.0
openrouter/deepseek/deepseek-r1-0528,tom_12dim_freeresponse,2026-07-14T18:43:45+00:00,file:///Users/Naiti/Documents/Documents_NBMacBookPro/2026/DevToM/devtom-openrouter/logs/2026-07-14T18-43-45-00-00_tom-12dim-freeresponse_7tMmFSAWSVgGuBTNQjcWki.eval,Hidden Emotion (Appearance vs. Reality),1.0,0.0
openrouter/deepseek/deepseek-r1-0528,tom_12dim_freeresponse,2026-07-14T18:43:45+00:00,file:///Users/Naiti/Documents/Documents_NBMacBookPro/2026/DevToM/devtom-openrouter/logs/2026-07-14T18-43-45-00-00_tom-12dim-freeresponse_7tMmFSAWSVgGuBTNQjcWki.eval,Intention vs. Accident,1.0,0.0
openrouter/deepseek/deepseek-r1-0528,tom_12dim_freeresponse,2026-07-14T18:43:45+00:00,file:///Users/Naiti/Documents/Documents_NBMacBookPro/2026/DevToM/devtom-openrouter/logs/2026-07-14T18-43-45-00-00_tom-12dim-freeresponse_7tMmFSAWSVgGuBTNQjcWki.eval,Irony,1.0,0.0
openrouter/deepseek/deepseek-r1-0528,tom_12dim_freeresponse,2026-07-14T18:43:45+00:00,file:///Users/Naiti/Documents/Documents_NBMacBookPro/2026/DevToM/devtom-openrouter/logs/2026-07-14T18-43-45-00-00_tom-12dim-freeresponse_7tMmFSAWSVgGuBTNQjcWki.eval,Knowledge Access / Ignorance,1.0,0.0
openrouter/deepseek/deepseek-r1-0528,tom_12dim_freeresponse,2026-07-14T18:43:45+00:00,file:///Users/Naiti/Documents/Documents_NBMacBookPro/2026/DevToM/devtom-openrouter/logs/2026-07-14T18-43-45-00-00_tom-12dim-freeresponse_7tMmFSAWSVgGuBTNQjcWki.eval,Sarcasm,1.0,0.0
openrouter/deepseek/deepseek-r1-0528,tom_12dim_freeresponse,2026-07-14T18:43:45+00:00,file:///Users/Naiti/Documents/Documents_NBMacBookPro/2026/DevToM/devtom-openrouter/logs/2026-07-14T18-43-45-00-00_tom-12dim-freeresponse_7tMmFSAWSVgGuBTNQjcWki.eval,Second-Order False Belief,1.0,0.0
openrouter/deepseek/deepseek-r1-0528,tom_12dim_freeresponse,2026-07-14T18:43:45+00:00,file:///Users/Naiti/Documents/Documents_NBMacBookPro/2026/DevToM/devtom-openrouter/logs/2026-07-14T18-43-45-00-00_tom-12dim-freeresponse_7tMmFSAWSVgGuBTNQjcWki.eval,White Lies / Prosocial Deception,1.0,0.0
openrouter/google/gemma-2-27b-it,tom_12dim_freeresponse,2026-07-14T18:12:32+00:00,file:///Users/Naiti/Documents/Documents_NBMacBookPro/2026/DevToM/devtom-openrouter/logs/2026-07-14T18-12-32-00-00_tom-12dim-freeresponse_dTzwsW5pG2Xghj4utxP2bG.eval,ALL (overall),0.8,0.05207556439232955
openrouter/google/gemma-2-27b-it,tom_12dim_freeresponse,2026-07-14T18:12:32+00:00,file:///Users/Naiti/Documents/Documents_NBMacBookPro/2026/DevToM/devtom-openrouter/logs/2026-07-14T18-12-32-00-00_tom-12dim-freeresponse_dTzwsW5pG2Xghj4utxP2bG.eval,Diverse Beliefs,0.8,0.19999999999999998
openrouter/google/gemma-2-27b-it,tom_12dim_freeresponse,2026-07-14T18:12:32+00:00,file:///Users/Naiti/Documents/Documents_NBMacBookPro/2026/DevToM/devtom-openrouter/logs/2026-07-14T18-12-32-00-00_tom-12dim-freeresponse_dTzwsW5pG2Xghj4utxP2bG.eval,Diverse Desires,0.8,0.20000000000000004
openrouter/google/gemma-2-27b-it,tom_12dim_freeresponse,2026-07-14T18:12:32+00:00,file:///Users/Naiti/Documents/Documents_NBMacBookPro/2026/DevToM/devtom-openrouter/logs/2026-07-14T18-12-32-00-00_tom-12dim-freeresponse_dTzwsW5pG2Xghj4utxP2bG.eval,Emotion Recognition,1.0,0.0
openrouter/google/gemma-2-27b-it,tom_12dim_freeresponse,2026-07-14T18:12:32+00:00,file:///Users/Naiti/Documents/Documents_NBMacBookPro/2026/DevToM/devtom-openrouter/logs/2026-07-14T18-12-32-00-00_tom-12dim-freeresponse_dTzwsW5pG2Xghj4utxP2bG.eval,Faux Pas Detection,0.4,0.24494897427831783
openrouter/google/gemma-2-27b-it,tom_12dim_freeresponse,2026-07-14T18:12:32+00:00,file:///Users/Naiti/Documents/Documents_NBMacBookPro/2026/DevToM/devtom-openrouter/logs/2026-07-14T18-12-32-00-00_tom-12dim-freeresponse_dTzwsW5pG2Xghj4utxP2bG.eval,First-Order False Belief,0.4,0.24494897427831783
openrouter/google/gemma-2-27b-it,tom_12dim_freeresponse,2026-07-14T18:12:32+00:00,file:///Users/Naiti/Documents/Documents_NBMacBookPro/2026/DevToM/devtom-openrouter/logs/2026-07-14T18-12-32-00-00_tom-12dim-freeresponse_dTzwsW5pG2Xghj4utxP2bG.eval,Hidden Emotion (Appearance vs. Reality),1.0,0.0
openrouter/google/gemma-2-27b-it,tom_12dim_freeresponse,2026-07-14T18:12:32+00:00,file:///Users/Naiti/Documents/Documents_NBMacBookPro/2026/DevToM/devtom-openrouter/logs/2026-07-14T18-12-32-00-00_tom-12dim-freeresponse_dTzwsW5pG2Xghj4utxP2bG.eval,Intention vs. Accident,0.8,0.19999999999999998
openrouter/google/gemma-2-27b-it,tom_12dim_freeresponse,2026-07-14T18:12:32+00:00,file:///Users/Naiti/Documents/Documents_NBMacBookPro/2026/DevToM/devtom-openrouter/logs/2026-07-14T18-12-32-00-00_tom-12dim-freeresponse_dTzwsW5pG2Xghj4utxP2bG.eval,Irony,1.0,0.0
openrouter/google/gemma-2-27b-it,tom_12dim_freeresponse,2026-07-14T18:12:32+00:00,file:///Users/Naiti/Documents/Documents_NBMacBookPro/2026/DevToM/devtom-openrouter/logs/2026-07-14T18-12-32-00-00_tom-12dim-freeresponse_dTzwsW5pG2Xghj4utxP2bG.eval,Knowledge Access / Ignorance,1.0,0.0
openrouter/google/gemma-2-27b-it,tom_12dim_freeresponse,2026-07-14T18:12:32+00:00,file:///Users/Naiti/Documents/Documents_NBMacBookPro/2026/DevToM/devtom-openrouter/logs/2026-07-14T18-12-32-00-00_tom-12dim-freeresponse_dTzwsW5pG2Xghj4utxP2bG.eval,Sarcasm,0.8,0.20000000000000004
openrouter/google/gemma-2-27b-it,tom_12dim_freeresponse,2026-07-14T18:12:32+00:00,file:///Users/Naiti/Documents/Documents_NBMacBookPro/2026/DevToM/devtom-openrouter/logs/2026-07-14T18-12-32-00-00_tom-12dim-freeresponse_dTzwsW5pG2Xghj4utxP2bG.eval,Second-Order False Belief,0.6,0.24494897427831783
openrouter/google/gemma-2-27b-it,tom_12dim_freeresponse,2026-07-14T18:12:32+00:00,file:///Users/Naiti/Documents/Documents_NBMacBookPro/2026/DevToM/devtom-openrouter/logs/2026-07-14T18-12-32-00-00_tom-12dim-freeresponse_dTzwsW5pG2Xghj4utxP2bG.eval,White Lies / Prosocial Deception,1.0,0.0
openrouter/google/gemma-3-12b-it,tom_12dim_freeresponse,2026-07-14T18:40:18+00:00,file:///Users/Naiti/Documents/Documents_NBMacBookPro/2026/DevToM/devtom-openrouter/logs/2026-07-14T18-40-18-00-00_tom-12dim-freeresponse_La4UUYmkjhS8kqvbCNp9eS.eval,ALL (overall),0.8666666666666667,0.044255719836307654
openrouter/google/gemma-3-12b-it,tom_12dim_freeresponse,2026-07-14T18:40:18+00:00,file:///Users/Naiti/Documents/Documents_NBMacBookPro/2026/DevToM/devtom-openrouter/logs/2026-07-14T18-40-18-00-00_tom-12dim-freeresponse_La4UUYmkjhS8kqvbCNp9eS.eval,Diverse Beliefs,0.8,0.19999999999999998
openrouter/google/gemma-3-12b-it,tom_12dim_freeresponse,2026-07-14T18:40:18+00:00,file:///Users/Naiti/Documents/Documents_NBMacBookPro/2026/DevToM/devtom-openrouter/logs/2026-07-14T18-40-18-00-00_tom-12dim-freeresponse_La4UUYmkjhS8kqvbCNp9eS.eval,Diverse Desires,1.0,0.0
openrouter/google/gemma-3-12b-it,tom_12dim_freeresponse,2026-07-14T18:40:18+00:00,file:///Users/Naiti/Documents/Documents_NBMacBookPro/2026/DevToM/devtom-openrouter/logs/2026-07-14T18-40-18-00-00_tom-12dim-freeresponse_La4UUYmkjhS8kqvbCNp9eS.eval,Emotion Recognition,0.8,0.19999999999999998
openrouter/google/gemma-3-12b-it,tom_12dim_freeresponse,2026-07-14T18:40:18+00:00,file:///Users/Naiti/Documents/Documents_NBMacBookPro/2026/DevToM/devtom-openrouter/logs/2026-07-14T18-40-18-00-00_tom-12dim-freeresponse_La4UUYmkjhS8kqvbCNp9eS.eval,Faux Pas Detection,0.6,0.24494897427831783
openrouter/google/gemma-3-12b-it,tom_12dim_freeresponse,2026-07-14T18:40:18+00:00,file:///Users/Naiti/Documents/Documents_NBMacBookPro/2026/DevToM/devtom-openrouter/logs/2026-07-14T18-40-18-00-00_tom-12dim-freeresponse_La4UUYmkjhS8kqvbCNp9eS.eval,First-Order False Belief,0.6,0.24494897427831783
openrouter/google/gemma-3-12b-it,tom_12dim_freeresponse,2026-07-14T18:40:18+00:00,file:///Users/Naiti/Documents/Documents_NBMacBookPro/2026/DevToM/devtom-openrouter/logs/2026-07-14T18-40-18-00-00_tom-12dim-freeresponse_La4UUYmkjhS8kqvbCNp9eS.eval,Hidden Emotion (Appearance vs. Reality),1.0,0.0
openrouter/google/gemma-3-12b-it,tom_12dim_freeresponse,2026-07-14T18:40:18+00:00,file:///Users/Naiti/Documents/Documents_NBMacBookPro/2026/DevToM/devtom-openrouter/logs/2026-07-14T18-40-18-00-00_tom-12dim-freeresponse_La4UUYmkjhS8kqvbCNp9eS.eval,Intention vs. Accident,1.0,0.0
openrouter/google/gemma-3-12b-it,tom_12dim_freeresponse,2026-07-14T18:40:18+00:00,file:///Users/Naiti/Documents/Documents_NBMacBookPro/2026/DevToM/devtom-openrouter/logs/2026-07-14T18-40-18-00-00_tom-12dim-freeresponse_La4UUYmkjhS8kqvbCNp9eS.eval,Irony,1.0,0.0
openrouter/google/gemma-3-12b-it,tom_12dim_freeresponse,2026-07-14T18:40:18+00:00,file:///Users/Naiti/Documents/Documents_NBMacBookPro/2026/DevToM/devtom-openrouter/logs/2026-07-14T18-40-18-00-00_tom-12dim-freeresponse_La4UUYmkjhS8kqvbCNp9eS.eval,Knowledge Access / Ignorance,0.8,0.19999999999999998
openrouter/google/gemma-3-12b-it,tom_12dim_freeresponse,2026-07-14T18:40:18+00:00,file:///Users/Naiti/Documents/Documents_NBMacBookPro/2026/DevToM/devtom-openrouter/logs/2026-07-14T18-40-18-00-00_tom-12dim-freeresponse_La4UUYmkjhS8kqvbCNp9eS.eval,Sarcasm,1.0,0.0
openrouter/google/gemma-3-12b-it,tom_12dim_freeresponse,2026-07-14T18:40:18+00:00,file:///Users/Naiti/Documents/Documents_NBMacBookPro/2026/DevToM/devtom-openrouter/logs/2026-07-14T18-40-18-00-00_tom-12dim-freeresponse_La4UUYmkjhS8kqvbCNp9eS.eval,Second-Order False Belief,0.8,0.19999999999999998
openrouter/google/gemma-3-12b-it,tom_12dim_freeresponse,2026-07-14T18:40:18+00:00,file:///Users/Naiti/Documents/Documents_NBMacBookPro/2026/DevToM/devtom-openrouter/logs/2026-07-14T18-40-18-00-00_tom-12dim-freeresponse_La4UUYmkjhS8kqvbCNp9eS.eval,White Lies / Prosocial Deception,1.0,0.0
openrouter/google/gemma-3-27b-it,tom_12dim_freeresponse,2026-07-14T18:40:31+00:00,file:///Users/Naiti/Documents/Documents_NBMacBookPro/2026/DevToM/devtom-openrouter/logs/2026-07-14T18-40-31-00-00_tom-12dim-freeresponse_3o7D7BVAV2ThEWt6Lfn3AS.eval,ALL (overall),0.8333333333333334,0.0485185424782985
openrouter/google/gemma-3-27b-it,tom_12dim_freeresponse,2026-07-14T18:40:31+00:00,file:///Users/Naiti/Documents/Documents_NBMacBookPro/2026/DevToM/devtom-openrouter/logs/2026-07-14T18-40-31-00-00_tom-12dim-freeresponse_3o7D7BVAV2ThEWt6Lfn3AS.eval,Diverse Beliefs,0.8,0.19999999999999998
openrouter/google/gemma-3-27b-it,tom_12dim_freeresponse,2026-07-14T18:40:31+00:00,file:///Users/Naiti/Documents/Documents_NBMacBookPro/2026/DevToM/devtom-openrouter/logs/2026-07-14T18-40-31-00-00_tom-12dim-freeresponse_3o7D7BVAV2ThEWt6Lfn3AS.eval,Diverse Desires,0.8,0.20000000000000004
openrouter/google/gemma-3-27b-it,tom_12dim_freeresponse,2026-07-14T18:40:31+00:00,file:///Users/Naiti/Documents/Documents_NBMacBookPro/2026/DevToM/devtom-openrouter/logs/2026-07-14T18-40-31-00-00_tom-12dim-freeresponse_3o7D7BVAV2ThEWt6Lfn3AS.eval,Emotion Recognition,1.0,0.0
openrouter/google/gemma-3-27b-it,tom_12dim_freeresponse,2026-07-14T18:40:31+00:00,file:///Users/Naiti/Documents/Documents_NBMacBookPro/2026/DevToM/devtom-openrouter/logs/2026-07-14T18-40-31-00-00_tom-12dim-freeresponse_3o7D7BVAV2ThEWt6Lfn3AS.eval,Faux Pas Detection,0.2,0.2
openrouter/google/gemma-3-27b-it,tom_12dim_freeresponse,2026-07-14T18:40:31+00:00,file:///Users/Naiti/Documents/Documents_NBMacBookPro/2026/DevToM/devtom-openrouter/logs/2026-07-14T18-40-31-00-00_tom-12dim-freeresponse_3o7D7BVAV2ThEWt6Lfn3AS.eval,First-Order False Belief,0.8,0.19999999999999998
openrouter/google/gemma-3-27b-it,tom_12dim_freeresponse,2026-07-14T18:40:31+00:00,file:///Users/Naiti/Documents/Documents_NBMacBookPro/2026/DevToM/devtom-openrouter/logs/2026-07-14T18-40-31-00-00_tom-12dim-freeresponse_3o7D7BVAV2ThEWt6Lfn3AS.eval,Hidden Emotion (Appearance vs. Reality),1.0,0.0
openrouter/google/gemma-3-27b-it,tom_12dim_freeresponse,2026-07-14T18:40:31+00:00,file:///Users/Naiti/Documents/Documents_NBMacBookPro/2026/DevToM/devtom-openrouter/logs/2026-07-14T18-40-31-00-00_tom-12dim-freeresponse_3o7D7BVAV2ThEWt6Lfn3AS.eval,Intention vs. Accident,1.0,0.0
openrouter/google/gemma-3-27b-it,tom_12dim_freeresponse,2026-07-14T18:40:31+00:00,file:///Users/Naiti/Documents/Documents_NBMacBookPro/2026/DevToM/devtom-openrouter/logs/2026-07-14T18-40-31-00-00_tom-12dim-freeresponse_3o7D7BVAV2ThEWt6Lfn3AS.eval,Irony,1.0,0.0
openrouter/google/gemma-3-27b-it,tom_12dim_freeresponse,2026-07-14T18:40:31+00:00,file:///Users/Naiti/Documents/Documents_NBMacBookPro/2026/DevToM/devtom-openrouter/logs/2026-07-14T18-40-31-00-00_tom-12dim-freeresponse_3o7D7BVAV2ThEWt6Lfn3AS.eval,Knowledge Access / Ignorance,0.6,0.24494897427831783
openrouter/google/gemma-3-27b-it,tom_12dim_freeresponse,2026-07-14T18:40:31+00:00,file:///Users/Naiti/Documents/Documents_NBMacBookPro/2026/DevToM/devtom-openrouter/logs/2026-07-14T18-40-31-00-00_tom-12dim-freeresponse_3o7D7BVAV2ThEWt6Lfn3AS.eval,Sarcasm,1.0,0.0
openrouter/google/gemma-3-27b-it,tom_12dim_freeresponse,2026-07-14T18:40:31+00:00,file:///Users/Naiti/Documents/Documents_NBMacBookPro/2026/DevToM/devtom-openrouter/logs/2026-07-14T18-40-31-00-00_tom-12dim-freeresponse_3o7D7BVAV2ThEWt6Lfn3AS.eval,Second-Order False Belief,0.8,0.20000000000000004
openrouter/google/gemma-3-27b-it,tom_12dim_freeresponse,2026-07-14T18:40:31+00:00,file:///Users/Naiti/Documents/Documents_NBMacBookPro/2026/DevToM/devtom-openrouter/logs/2026-07-14T18-40-31-00-00_tom-12dim-freeresponse_3o7D7BVAV2ThEWt6Lfn3AS.eval,White Lies / Prosocial Deception,1.0,0.0
openrouter/google/gemma-3-4b-it,tom_12dim_freeresponse,2026-07-14T18:40:07+00:00,file:///Users/Naiti/Documents/Documents_NBMacBookPro/2026/DevToM/devtom-openrouter/logs/2026-07-14T18-40-07-00-00_tom-12dim-freeresponse_5FzijTTuvUNUQtorXXZpGx.eval,ALL (overall),0.7166666666666667,0.05866531842313124
openrouter/google/gemma-3-4b-it,tom_12dim_freeresponse,2026-07-14T18:40:07+00:00,file:///Users/Naiti/Documents/Documents_NBMacBookPro/2026/DevToM/devtom-openrouter/logs/2026-07-14T18-40-07-00-00_tom-12dim-freeresponse_5FzijTTuvUNUQtorXXZpGx.eval,Diverse Beliefs,0.6,0.24494897427831783
openrouter/google/gemma-3-4b-it,tom_12dim_freeresponse,2026-07-14T18:40:07+00:00,file:///Users/Naiti/Documents/Documents_NBMacBookPro/2026/DevToM/devtom-openrouter/logs/2026-07-14T18-40-07-00-00_tom-12dim-freeresponse_5FzijTTuvUNUQtorXXZpGx.eval,Diverse Desires,1.0,0.0
openrouter/google/gemma-3-4b-it,tom_12dim_freeresponse,2026-07-14T18:40:07+00:00,file:///Users/Naiti/Documents/Documents_NBMacBookPro/2026/DevToM/devtom-openrouter/logs/2026-07-14T18-40-07-00-00_tom-12dim-freeresponse_5FzijTTuvUNUQtorXXZpGx.eval,Emotion Recognition,1.0,0.0
openrouter/google/gemma-3-4b-it,tom_12dim_freeresponse,2026-07-14T18:40:07+00:00,file:///Users/Naiti/Documents/Documents_NBMacBookPro/2026/DevToM/devtom-openrouter/logs/2026-07-14T18-40-07-00-00_tom-12dim-freeresponse_5FzijTTuvUNUQtorXXZpGx.eval,Faux Pas Detection,0.4,0.24494897427831783
openrouter/google/gemma-3-4b-it,tom_12dim_freeresponse,2026-07-14T18:40:07+00:00,file:///Users/Naiti/Documents/Documents_NBMacBookPro/2026/DevToM/devtom-openrouter/logs/2026-07-14T18-40-07-00-00_tom-12dim-freeresponse_5FzijTTuvUNUQtorXXZpGx.eval,First-Order False Belief,0.4,0.24494897427831783
openrouter/google/gemma-3-4b-it,tom_12dim_freeresponse,2026-07-14T18:40:07+00:00,file:///Users/Naiti/Documents/Documents_NBMacBookPro/2026/DevToM/devtom-openrouter/logs/2026-07-14T18-40-07-00-00_tom-12dim-freeresponse_5FzijTTuvUNUQtorXXZpGx.eval,Hidden Emotion (Appearance vs. Reality),1.0,0.0
openrouter/google/gemma-3-4b-it,tom_12dim_freeresponse,2026-07-14T18:40:07+00:00,file:///Users/Naiti/Documents/Documents_NBMacBookPro/2026/DevToM/devtom-openrouter/logs/2026-07-14T18-40-07-00-00_tom-12dim-freeresponse_5FzijTTuvUNUQtorXXZpGx.eval,Intention vs. Accident,0.6,0.24494897427831783
openrouter/google/gemma-3-4b-it,tom_12dim_freeresponse,2026-07-14T18:40:07+00:00,file:///Users/Naiti/Documents/Documents_NBMacBookPro/2026/DevToM/devtom-openrouter/logs/2026-07-14T18-40-07-00-00_tom-12dim-freeresponse_5FzijTTuvUNUQtorXXZpGx.eval,Irony,0.8,0.19999999999999998
openrouter/google/gemma-3-4b-it,tom_12dim_freeresponse,2026-07-14T18:40:07+00:00,file:///Users/Naiti/Documents/Documents_NBMacBookPro/2026/DevToM/devtom-openrouter/logs/2026-07-14T18-40-07-00-00_tom-12dim-freeresponse_5FzijTTuvUNUQtorXXZpGx.eval,Knowledge Access / Ignorance,0.6,0.24494897427831783
openrouter/google/gemma-3-4b-it,tom_12dim_freeresponse,2026-07-14T18:40:07+00:00,file:///Users/Naiti/Documents/Documents_NBMacBookPro/2026/DevToM/devtom-openrouter/logs/2026-07-14T18-40-07-00-00_tom-12dim-freeresponse_5FzijTTuvUNUQtorXXZpGx.eval,Sarcasm,1.0,0.0
openrouter/google/gemma-3-4b-it,tom_12dim_freeresponse,2026-07-14T18:40:07+00:00,file:///Users/Naiti/Documents/Documents_NBMacBookPro/2026/DevToM/devtom-openrouter/logs/2026-07-14T18-40-07-00-00_tom-12dim-freeresponse_5FzijTTuvUNUQtorXXZpGx.eval,Second-Order False Belief,0.6,0.24494897427831783
openrouter/google/gemma-3-4b-it,tom_12dim_freeresponse,2026-07-14T18:40:07+00:00,file:///Users/Naiti/Documents/Documents_NBMacBookPro/2026/DevToM/devtom-openrouter/logs/2026-07-14T18-40-07-00-00_tom-12dim-freeresponse_5FzijTTuvUNUQtorXXZpGx.eval,White Lies / Prosocial Deception,0.6,0.24494897427831783
openrouter/meta-llama/llama-3.1-70b-instruct,tom_12dim_freeresponse,2026-07-14T18:21:12+00:00,file:///Users/Naiti/Documents/Documents_NBMacBookPro/2026/DevToM/devtom-openrouter/logs/2026-07-14T18-21-12-00-00_tom-12dim-freeresponse_LwSsmgKhJfeTzBKQkF2biH.eval,ALL (overall),0.8,0.05207556439232954
openrouter/meta-llama/llama-3.1-70b-instruct,tom_12dim_freeresponse,2026-07-14T18:21:12+00:00,file:///Users/Naiti/Documents/Documents_NBMacBookPro/2026/DevToM/devtom-openrouter/logs/2026-07-14T18-21-12-00-00_tom-12dim-freeresponse_LwSsmgKhJfeTzBKQkF2biH.eval,Diverse Beliefs,0.8,0.20000000000000004
openrouter/meta-llama/llama-3.1-70b-instruct,tom_12dim_freeresponse,2026-07-14T18:21:12+00:00,file:///Users/Naiti/Documents/Documents_NBMacBookPro/2026/DevToM/devtom-openrouter/logs/2026-07-14T18-21-12-00-00_tom-12dim-freeresponse_LwSsmgKhJfeTzBKQkF2biH.eval,Diverse Desires,0.8,0.20000000000000004
openrouter/meta-llama/llama-3.1-70b-instruct,tom_12dim_freeresponse,2026-07-14T18:21:12+00:00,file:///Users/Naiti/Documents/Documents_NBMacBookPro/2026/DevToM/devtom-openrouter/logs/2026-07-14T18-21-12-00-00_tom-12dim-freeresponse_LwSsmgKhJfeTzBKQkF2biH.eval,Emotion Recognition,1.0,0.0
openrouter/meta-llama/llama-3.1-70b-instruct,tom_12dim_freeresponse,2026-07-14T18:21:12+00:00,file:///Users/Naiti/Documents/Documents_NBMacBookPro/2026/DevToM/devtom-openrouter/logs/2026-07-14T18-21-12-00-00_tom-12dim-freeresponse_LwSsmgKhJfeTzBKQkF2biH.eval,Faux Pas Detection,0.6,0.24494897427831783
openrouter/meta-llama/llama-3.1-70b-instruct,tom_12dim_freeresponse,2026-07-14T18:21:12+00:00,file:///Users/Naiti/Documents/Documents_NBMacBookPro/2026/DevToM/devtom-openrouter/logs/2026-07-14T18-21-12-00-00_tom-12dim-freeresponse_LwSsmgKhJfeTzBKQkF2biH.eval,First-Order False Belief,0.4,0.24494897427831783
openrouter/meta-llama/llama-3.1-70b-instruct,tom_12dim_freeresponse,2026-07-14T18:21:12+00:00,file:///Users/Naiti/Documents/Documents_NBMacBookPro/2026/DevToM/devtom-openrouter/logs/2026-07-14T18-21-12-00-00_tom-12dim-freeresponse_LwSsmgKhJfeTzBKQkF2biH.eval,Hidden Emotion (Appearance vs. Reality),1.0,0.0
openrouter/meta-llama/llama-3.1-70b-instruct,tom_12dim_freeresponse,2026-07-14T18:21:12+00:00,file:///Users/Naiti/Documents/Documents_NBMacBookPro/2026/DevToM/devtom-openrouter/logs/2026-07-14T18-21-12-00-00_tom-12dim-freeresponse_LwSsmgKhJfeTzBKQkF2biH.eval,Intention vs. Accident,1.0,0.0
openrouter/meta-llama/llama-3.1-70b-instruct,tom_12dim_freeresponse,2026-07-14T18:21:12+00:00,file:///Users/Naiti/Documents/Documents_NBMacBookPro/2026/DevToM/devtom-openrouter/logs/2026-07-14T18-21-12-00-00_tom-12dim-freeresponse_LwSsmgKhJfeTzBKQkF2biH.eval,Irony,1.0,0.0
openrouter/meta-llama/llama-3.1-70b-instruct,tom_12dim_freeresponse,2026-07-14T18:21:12+00:00,file:///Users/Naiti/Documents/Documents_NBMacBookPro/2026/DevToM/devtom-openrouter/logs/2026-07-14T18-21-12-00-00_tom-12dim-freeresponse_LwSsmgKhJfeTzBKQkF2biH.eval,Knowledge Access / Ignorance,1.0,0.0
openrouter/meta-llama/llama-3.1-70b-instruct,tom_12dim_freeresponse,2026-07-14T18:21:12+00:00,file:///Users/Naiti/Documents/Documents_NBMacBookPro/2026/DevToM/devtom-openrouter/logs/2026-07-14T18-21-12-00-00_tom-12dim-freeresponse_LwSsmgKhJfeTzBKQkF2biH.eval,Sarcasm,1.0,0.0
openrouter/meta-llama/llama-3.1-70b-instruct,tom_12dim_freeresponse,2026-07-14T18:21:12+00:00,file:///Users/Naiti/Documents/Documents_NBMacBookPro/2026/DevToM/devtom-openrouter/logs/2026-07-14T18-21-12-00-00_tom-12dim-freeresponse_LwSsmgKhJfeTzBKQkF2biH.eval,Second-Order False Belief,0.4,0.24494897427831783
openrouter/meta-llama/llama-3.1-70b-instruct,tom_12dim_freeresponse,2026-07-14T18:21:12+00:00,file:///Users/Naiti/Documents/Documents_NBMacBookPro/2026/DevToM/devtom-openrouter/logs/2026-07-14T18-21-12-00-00_tom-12dim-freeresponse_LwSsmgKhJfeTzBKQkF2biH.eval,White Lies / Prosocial Deception,0.6,0.24494897427831783
openrouter/meta-llama/llama-3.1-8b-instruct,tom_12dim_freeresponse,2026-07-14T18:12:46+00:00,file:///Users/Naiti/Documents/Documents_NBMacBookPro/2026/DevToM/devtom-openrouter/logs/2026-07-14T18-12-46-00-00_tom-12dim-freeresponse_nv8zHpCwBhNEgtTqEMnE6u.eval,ALL (overall),0.6166666666666667,0.06329764084940143
openrouter/meta-llama/llama-3.1-8b-instruct,tom_12dim_freeresponse,2026-07-14T18:12:46+00:00,file:///Users/Naiti/Documents/Documents_NBMacBookPro/2026/DevToM/devtom-openrouter/logs/2026-07-14T18-12-46-00-00_tom-12dim-freeresponse_nv8zHpCwBhNEgtTqEMnE6u.eval,Diverse Beliefs,0.8,0.20000000000000004
openrouter/meta-llama/llama-3.1-8b-instruct,tom_12dim_freeresponse,2026-07-14T18:12:46+00:00,file:///Users/Naiti/Documents/Documents_NBMacBookPro/2026/DevToM/devtom-openrouter/logs/2026-07-14T18-12-46-00-00_tom-12dim-freeresponse_nv8zHpCwBhNEgtTqEMnE6u.eval,Diverse Desires,0.6,0.24494897427831783
openrouter/meta-llama/llama-3.1-8b-instruct,tom_12dim_freeresponse,2026-07-14T18:12:46+00:00,file:///Users/Naiti/Documents/Documents_NBMacBookPro/2026/DevToM/devtom-openrouter/logs/2026-07-14T18-12-46-00-00_tom-12dim-freeresponse_nv8zHpCwBhNEgtTqEMnE6u.eval,Emotion Recognition,0.8,0.19999999999999998
openrouter/meta-llama/llama-3.1-8b-instruct,tom_12dim_freeresponse,2026-07-14T18:12:46+00:00,file:///Users/Naiti/Documents/Documents_NBMacBookPro/2026/DevToM/devtom-openrouter/logs/2026-07-14T18-12-46-00-00_tom-12dim-freeresponse_nv8zHpCwBhNEgtTqEMnE6u.eval,Faux Pas Detection,0.2,0.2
openrouter/meta-llama/llama-3.1-8b-instruct,tom_12dim_freeresponse,2026-07-14T18:12:46+00:00,file:///Users/Naiti/Documents/Documents_NBMacBookPro/2026/DevToM/devtom-openrouter/logs/2026-07-14T18-12-46-00-00_tom-12dim-freeresponse_nv8zHpCwBhNEgtTqEMnE6u.eval,First-Order False Belief,0.2,0.20000000000000004
openrouter/meta-llama/llama-3.1-8b-instruct,tom_12dim_freeresponse,2026-07-14T18:12:46+00:00,file:///Users/Naiti/Documents/Documents_NBMacBookPro/2026/DevToM/devtom-openrouter/logs/2026-07-14T18-12-46-00-00_tom-12dim-freeresponse_nv8zHpCwBhNEgtTqEMnE6u.eval,Hidden Emotion (Appearance vs. Reality),0.6,0.24494897427831783
openrouter/meta-llama/llama-3.1-8b-instruct,tom_12dim_freeresponse,2026-07-14T18:12:46+00:00,file:///Users/Naiti/Documents/Documents_NBMacBookPro/2026/DevToM/devtom-openrouter/logs/2026-07-14T18-12-46-00-00_tom-12dim-freeresponse_nv8zHpCwBhNEgtTqEMnE6u.eval,Intention vs. Accident,0.6,0.24494897427831783
openrouter/meta-llama/llama-3.1-8b-instruct,tom_12dim_freeresponse,2026-07-14T18:12:46+00:00,file:///Users/Naiti/Documents/Documents_NBMacBookPro/2026/DevToM/devtom-openrouter/logs/2026-07-14T18-12-46-00-00_tom-12dim-freeresponse_nv8zHpCwBhNEgtTqEMnE6u.eval,Irony,0.8,0.19999999999999998
openrouter/meta-llama/llama-3.1-8b-instruct,tom_12dim_freeresponse,2026-07-14T18:12:46+00:00,file:///Users/Naiti/Documents/Documents_NBMacBookPro/2026/DevToM/devtom-openrouter/logs/2026-07-14T18-12-46-00-00_tom-12dim-freeresponse_nv8zHpCwBhNEgtTqEMnE6u.eval,Knowledge Access / Ignorance,0.8,0.19999999999999998
openrouter/meta-llama/llama-3.1-8b-instruct,tom_12dim_freeresponse,2026-07-14T18:12:46+00:00,file:///Users/Naiti/Documents/Documents_NBMacBookPro/2026/DevToM/devtom-openrouter/logs/2026-07-14T18-12-46-00-00_tom-12dim-freeresponse_nv8zHpCwBhNEgtTqEMnE6u.eval,Sarcasm,0.8,0.20000000000000004
openrouter/meta-llama/llama-3.1-8b-instruct,tom_12dim_freeresponse,2026-07-14T18:12:46+00:00,file:///Users/Naiti/Documents/Documents_NBMacBookPro/2026/DevToM/devtom-openrouter/logs/2026-07-14T18-12-46-00-00_tom-12dim-freeresponse_nv8zHpCwBhNEgtTqEMnE6u.eval,Second-Order False Belief,0.6,0.24494897427831783
openrouter/meta-llama/llama-3.1-8b-instruct,tom_12dim_freeresponse,2026-07-14T18:12:46+00:00,file:///Users/Naiti/Documents/Documents_NBMacBookPro/2026/DevToM/devtom-openrouter/logs/2026-07-14T18-12-46-00-00_tom-12dim-freeresponse_nv8zHpCwBhNEgtTqEMnE6u.eval,White Lies / Prosocial Deception,0.6,0.24494897427831783
openrouter/meta-llama/llama-3.2-3b-instruct,tom_12dim_freeresponse,2026-07-14T18:36:51+00:00,file:///Users/Naiti/Documents/Documents_NBMacBookPro/2026/DevToM/devtom-openrouter/logs/2026-07-14T18-36-51-00-00_tom-12dim-freeresponse_Bs5V4572XKCCgZcfS9nkmT.eval,ALL (overall),0.4166666666666667,0.06418399868645064
openrouter/meta-llama/llama-3.2-3b-instruct,tom_12dim_freeresponse,2026-07-14T18:36:51+00:00,file:///Users/Naiti/Documents/Documents_NBMacBookPro/2026/DevToM/devtom-openrouter/logs/2026-07-14T18-36-51-00-00_tom-12dim-freeresponse_Bs5V4572XKCCgZcfS9nkmT.eval,Diverse Beliefs,0.2,0.2
openrouter/meta-llama/llama-3.2-3b-instruct,tom_12dim_freeresponse,2026-07-14T18:36:51+00:00,file:///Users/Naiti/Documents/Documents_NBMacBookPro/2026/DevToM/devtom-openrouter/logs/2026-07-14T18-36-51-00-00_tom-12dim-freeresponse_Bs5V4572XKCCgZcfS9nkmT.eval,Diverse Desires,0.6,0.24494897427831783
openrouter/meta-llama/llama-3.2-3b-instruct,tom_12dim_freeresponse,2026-07-14T18:36:51+00:00,file:///Users/Naiti/Documents/Documents_NBMacBookPro/2026/DevToM/devtom-openrouter/logs/2026-07-14T18-36-51-00-00_tom-12dim-freeresponse_Bs5V4572XKCCgZcfS9nkmT.eval,Emotion Recognition,0.8,0.19999999999999998
openrouter/meta-llama/llama-3.2-3b-instruct,tom_12dim_freeresponse,2026-07-14T18:36:51+00:00,file:///Users/Naiti/Documents/Documents_NBMacBookPro/2026/DevToM/devtom-openrouter/logs/2026-07-14T18-36-51-00-00_tom-12dim-freeresponse_Bs5V4572XKCCgZcfS9nkmT.eval,Faux Pas Detection,0.0,0.0
openrouter/meta-llama/llama-3.2-3b-instruct,tom_12dim_freeresponse,2026-07-14T18:36:51+00:00,file:///Users/Naiti/Documents/Documents_NBMacBookPro/2026/DevToM/devtom-openrouter/logs/2026-07-14T18-36-51-00-00_tom-12dim-freeresponse_Bs5V4572XKCCgZcfS9nkmT.eval,First-Order False Belief,0.0,0.0
openrouter/meta-llama/llama-3.2-3b-instruct,tom_12dim_freeresponse,2026-07-14T18:36:51+00:00,file:///Users/Naiti/Documents/Documents_NBMacBookPro/2026/DevToM/devtom-openrouter/logs/2026-07-14T18-36-51-00-00_tom-12dim-freeresponse_Bs5V4572XKCCgZcfS9nkmT.eval,Hidden Emotion (Appearance vs. Reality),0.6,0.24494897427831783
openrouter/meta-llama/llama-3.2-3b-instruct,tom_12dim_freeresponse,2026-07-14T18:36:51+00:00,file:///Users/Naiti/Documents/Documents_NBMacBookPro/2026/DevToM/devtom-openrouter/logs/2026-07-14T18-36-51-00-00_tom-12dim-freeresponse_Bs5V4572XKCCgZcfS9nkmT.eval,Intention vs. Accident,0.2,0.2
openrouter/meta-llama/llama-3.2-3b-instruct,tom_12dim_freeresponse,2026-07-14T18:36:51+00:00,file:///Users/Naiti/Documents/Documents_NBMacBookPro/2026/DevToM/devtom-openrouter/logs/2026-07-14T18-36-51-00-00_tom-12dim-freeresponse_Bs5V4572XKCCgZcfS9nkmT.eval,Irony,1.0,0.0
openrouter/meta-llama/llama-3.2-3b-instruct,tom_12dim_freeresponse,2026-07-14T18:36:51+00:00,file:///Users/Naiti/Documents/Documents_NBMacBookPro/2026/DevToM/devtom-openrouter/logs/2026-07-14T18-36-51-00-00_tom-12dim-freeresponse_Bs5V4572XKCCgZcfS9nkmT.eval,Knowledge Access / Ignorance,0.4,0.24494897427831783
openrouter/meta-llama/llama-3.2-3b-instruct,tom_12dim_freeresponse,2026-07-14T18:36:51+00:00,file:///Users/Naiti/Documents/Documents_NBMacBookPro/2026/DevToM/devtom-openrouter/logs/2026-07-14T18-36-51-00-00_tom-12dim-freeresponse_Bs5V4572XKCCgZcfS9nkmT.eval,Sarcasm,0.6,0.24494897427831783
openrouter/meta-llama/llama-3.2-3b-instruct,tom_12dim_freeresponse,2026-07-14T18:36:51+00:00,file:///Users/Naiti/Documents/Documents_NBMacBookPro/2026/DevToM/devtom-openrouter/logs/2026-07-14T18-36-51-00-00_tom-12dim-freeresponse_Bs5V4572XKCCgZcfS9nkmT.eval,Second-Order False Belief,0.2,0.20000000000000004
openrouter/meta-llama/llama-3.2-3b-instruct,tom_12dim_freeresponse,2026-07-14T18:36:51+00:00,file:///Users/Naiti/Documents/Documents_NBMacBookPro/2026/DevToM/devtom-openrouter/logs/2026-07-14T18-36-51-00-00_tom-12dim-freeresponse_Bs5V4572XKCCgZcfS9nkmT.eval,White Lies / Prosocial Deception,0.4,0.24494897427831783
openrouter/meta-llama/llama-3.3-70b-instruct,tom_12dim_freeresponse,2026-07-14T18:37:53+00:00,file:///Users/Naiti/Documents/Documents_NBMacBookPro/2026/DevToM/devtom-openrouter/logs/2026-07-14T18-37-53-00-00_tom-12dim-freeresponse_WhyJHYXpHPFCo8Dv72SsHx.eval,ALL (overall),0.7166666666666667,0.05866531842313124
openrouter/meta-llama/llama-3.3-70b-instruct,tom_12dim_freeresponse,2026-07-14T18:37:53+00:00,file:///Users/Naiti/Documents/Documents_NBMacBookPro/2026/DevToM/devtom-openrouter/logs/2026-07-14T18-37-53-00-00_tom-12dim-freeresponse_WhyJHYXpHPFCo8Dv72SsHx.eval,Diverse Beliefs,0.6,0.24494897427831783
openrouter/meta-llama/llama-3.3-70b-instruct,tom_12dim_freeresponse,2026-07-14T18:37:53+00:00,file:///Users/Naiti/Documents/Documents_NBMacBookPro/2026/DevToM/devtom-openrouter/logs/2026-07-14T18-37-53-00-00_tom-12dim-freeresponse_WhyJHYXpHPFCo8Dv72SsHx.eval,Diverse Desires,0.8,0.20000000000000004
openrouter/meta-llama/llama-3.3-70b-instruct,tom_12dim_freeresponse,2026-07-14T18:37:53+00:00,file:///Users/Naiti/Documents/Documents_NBMacBookPro/2026/DevToM/devtom-openrouter/logs/2026-07-14T18-37-53-00-00_tom-12dim-freeresponse_WhyJHYXpHPFCo8Dv72SsHx.eval,Emotion Recognition,0.8,0.19999999999999998
openrouter/meta-llama/llama-3.3-70b-instruct,tom_12dim_freeresponse,2026-07-14T18:37:53+00:00,file:///Users/Naiti/Documents/Documents_NBMacBookPro/2026/DevToM/devtom-openrouter/logs/2026-07-14T18-37-53-00-00_tom-12dim-freeresponse_WhyJHYXpHPFCo8Dv72SsHx.eval,Faux Pas Detection,0.6,0.24494897427831783
openrouter/meta-llama/llama-3.3-70b-instruct,tom_12dim_freeresponse,2026-07-14T18:37:53+00:00,file:///Users/Naiti/Documents/Documents_NBMacBookPro/2026/DevToM/devtom-openrouter/logs/2026-07-14T18-37-53-00-00_tom-12dim-freeresponse_WhyJHYXpHPFCo8Dv72SsHx.eval,First-Order False Belief,0.4,0.24494897427831783
openrouter/meta-llama/llama-3.3-70b-instruct,tom_12dim_freeresponse,2026-07-14T18:37:53+00:00,file:///Users/Naiti/Documents/Documents_NBMacBookPro/2026/DevToM/devtom-openrouter/logs/2026-07-14T18-37-53-00-00_tom-12dim-freeresponse_WhyJHYXpHPFCo8Dv72SsHx.eval,Hidden Emotion (Appearance vs. Reality),0.8,0.20000000000000004
openrouter/meta-llama/llama-3.3-70b-instruct,tom_12dim_freeresponse,2026-07-14T18:37:53+00:00,file:///Users/Naiti/Documents/Documents_NBMacBookPro/2026/DevToM/devtom-openrouter/logs/2026-07-14T18-37-53-00-00_tom-12dim-freeresponse_WhyJHYXpHPFCo8Dv72SsHx.eval,Intention vs. Accident,1.0,0.0
openrouter/meta-llama/llama-3.3-70b-instruct,tom_12dim_freeresponse,2026-07-14T18:37:53+00:00,file:///Users/Naiti/Documents/Documents_NBMacBookPro/2026/DevToM/devtom-openrouter/logs/2026-07-14T18-37-53-00-00_tom-12dim-freeresponse_WhyJHYXpHPFCo8Dv72SsHx.eval,Irony,1.0,0.0
openrouter/meta-llama/llama-3.3-70b-instruct,tom_12dim_freeresponse,2026-07-14T18:37:53+00:00,file:///Users/Naiti/Documents/Documents_NBMacBookPro/2026/DevToM/devtom-openrouter/logs/2026-07-14T18-37-53-00-00_tom-12dim-freeresponse_WhyJHYXpHPFCo8Dv72SsHx.eval,Knowledge Access / Ignorance,0.6,0.24494897427831783
openrouter/meta-llama/llama-3.3-70b-instruct,tom_12dim_freeresponse,2026-07-14T18:37:53+00:00,file:///Users/Naiti/Documents/Documents_NBMacBookPro/2026/DevToM/devtom-openrouter/logs/2026-07-14T18-37-53-00-00_tom-12dim-freeresponse_WhyJHYXpHPFCo8Dv72SsHx.eval,Sarcasm,0.8,0.20000000000000004
openrouter/meta-llama/llama-3.3-70b-instruct,tom_12dim_freeresponse,2026-07-14T18:37:53+00:00,file:///Users/Naiti/Documents/Documents_NBMacBookPro/2026/DevToM/devtom-openrouter/logs/2026-07-14T18-37-53-00-00_tom-12dim-freeresponse_WhyJHYXpHPFCo8Dv72SsHx.eval,Second-Order False Belief,0.4,0.24494897427831783
openrouter/meta-llama/llama-3.3-70b-instruct,tom_12dim_freeresponse,2026-07-14T18:37:53+00:00,file:///Users/Naiti/Documents/Documents_NBMacBookPro/2026/DevToM/devtom-openrouter/logs/2026-07-14T18-37-53-00-00_tom-12dim-freeresponse_WhyJHYXpHPFCo8Dv72SsHx.eval,White Lies / Prosocial Deception,0.8,0.20000000000000004
openrouter/meta-llama/llama-4-maverick,tom_12dim_freeresponse,2026-07-14T18:42:24+00:00,file:///Users/Naiti/Documents/Documents_NBMacBookPro/2026/DevToM/devtom-openrouter/logs/2026-07-14T18-42-24-00-00_tom-12dim-freeresponse_Qc4WsC4tMJj6E4vP5dAEyk.eval,ALL (overall),0.75,0.05637345210021216
openrouter/meta-llama/llama-4-maverick,tom_12dim_freeresponse,2026-07-14T18:42:24+00:00,file:///Users/Naiti/Documents/Documents_NBMacBookPro/2026/DevToM/devtom-openrouter/logs/2026-07-14T18-42-24-00-00_tom-12dim-freeresponse_Qc4WsC4tMJj6E4vP5dAEyk.eval,Diverse Beliefs,0.6,0.24494897427831783
openrouter/meta-llama/llama-4-maverick,tom_12dim_freeresponse,2026-07-14T18:42:24+00:00,file:///Users/Naiti/Documents/Documents_NBMacBookPro/2026/DevToM/devtom-openrouter/logs/2026-07-14T18-42-24-00-00_tom-12dim-freeresponse_Qc4WsC4tMJj6E4vP5dAEyk.eval,Diverse Desires,0.8,0.20000000000000004
openrouter/meta-llama/llama-4-maverick,tom_12dim_freeresponse,2026-07-14T18:42:24+00:00,file:///Users/Naiti/Documents/Documents_NBMacBookPro/2026/DevToM/devtom-openrouter/logs/2026-07-14T18-42-24-00-00_tom-12dim-freeresponse_Qc4WsC4tMJj6E4vP5dAEyk.eval,Emotion Recognition,0.6,0.24494897427831783
openrouter/meta-llama/llama-4-maverick,tom_12dim_freeresponse,2026-07-14T18:42:24+00:00,file:///Users/Naiti/Documents/Documents_NBMacBookPro/2026/DevToM/devtom-openrouter/logs/2026-07-14T18-42-24-00-00_tom-12dim-freeresponse_Qc4WsC4tMJj6E4vP5dAEyk.eval,Faux Pas Detection,0.8,0.20000000000000004
openrouter/meta-llama/llama-4-maverick,tom_12dim_freeresponse,2026-07-14T18:42:24+00:00,file:///Users/Naiti/Documents/Documents_NBMacBookPro/2026/DevToM/devtom-openrouter/logs/2026-07-14T18-42-24-00-00_tom-12dim-freeresponse_Qc4WsC4tMJj6E4vP5dAEyk.eval,First-Order False Belief,0.8,0.19999999999999998
openrouter/meta-llama/llama-4-maverick,tom_12dim_freeresponse,2026-07-14T18:42:24+00:00,file:///Users/Naiti/Documents/Documents_NBMacBookPro/2026/DevToM/devtom-openrouter/logs/2026-07-14T18-42-24-00-00_tom-12dim-freeresponse_Qc4WsC4tMJj6E4vP5dAEyk.eval,Hidden Emotion (Appearance vs. Reality),0.8,0.19999999999999998
openrouter/meta-llama/llama-4-maverick,tom_12dim_freeresponse,2026-07-14T18:42:24+00:00,file:///Users/Naiti/Documents/Documents_NBMacBookPro/2026/DevToM/devtom-openrouter/logs/2026-07-14T18-42-24-00-00_tom-12dim-freeresponse_Qc4WsC4tMJj6E4vP5dAEyk.eval,Intention vs. Accident,0.6,0.24494897427831783
openrouter/meta-llama/llama-4-maverick,tom_12dim_freeresponse,2026-07-14T18:42:24+00:00,file:///Users/Naiti/Documents/Documents_NBMacBookPro/2026/DevToM/devtom-openrouter/logs/2026-07-14T18-42-24-00-00_tom-12dim-freeresponse_Qc4WsC4tMJj6E4vP5dAEyk.eval,Irony,1.0,0.0
openrouter/meta-llama/llama-4-maverick,tom_12dim_freeresponse,2026-07-14T18:42:24+00:00,file:///Users/Naiti/Documents/Documents_NBMacBookPro/2026/DevToM/devtom-openrouter/logs/2026-07-14T18-42-24-00-00_tom-12dim-freeresponse_Qc4WsC4tMJj6E4vP5dAEyk.eval,Knowledge Access / Ignorance,0.8,0.19999999999999998
openrouter/meta-llama/llama-4-maverick,tom_12dim_freeresponse,2026-07-14T18:42:24+00:00,file:///Users/Naiti/Documents/Documents_NBMacBookPro/2026/DevToM/devtom-openrouter/logs/2026-07-14T18-42-24-00-00_tom-12dim-freeresponse_Qc4WsC4tMJj6E4vP5dAEyk.eval,Sarcasm,1.0,0.0
openrouter/meta-llama/llama-4-maverick,tom_12dim_freeresponse,2026-07-14T18:42:24+00:00,file:///Users/Naiti/Documents/Documents_NBMacBookPro/2026/DevToM/devtom-openrouter/logs/2026-07-14T18-42-24-00-00_tom-12dim-freeresponse_Qc4WsC4tMJj6E4vP5dAEyk.eval,Second-Order False Belief,0.4,0.24494897427831783
openrouter/meta-llama/llama-4-maverick,tom_12dim_freeresponse,2026-07-14T18:42:24+00:00,file:///Users/Naiti/Documents/Documents_NBMacBookPro/2026/DevToM/devtom-openrouter/logs/2026-07-14T18-42-24-00-00_tom-12dim-freeresponse_Qc4WsC4tMJj6E4vP5dAEyk.eval,White Lies / Prosocial Deception,0.8,0.20000000000000004
openrouter/meta-llama/llama-4-scout,tom_12dim_freeresponse,2026-07-14T18:41:06+00:00,file:///Users/Naiti/Documents/Documents_NBMacBookPro/2026/DevToM/devtom-openrouter/logs/2026-07-14T18-41-06-00-00_tom-12dim-freeresponse_RaVeajARokJdnHtmSDFfWj.eval,ALL (overall),0.7666666666666667,0.05506373639622878
openrouter/meta-llama/llama-4-scout,tom_12dim_freeresponse,2026-07-14T18:41:06+00:00,file:///Users/Naiti/Documents/Documents_NBMacBookPro/2026/DevToM/devtom-openrouter/logs/2026-07-14T18-41-06-00-00_tom-12dim-freeresponse_RaVeajARokJdnHtmSDFfWj.eval,Diverse Beliefs,0.6,0.24494897427831783
openrouter/meta-llama/llama-4-scout,tom_12dim_freeresponse,2026-07-14T18:41:06+00:00,file:///Users/Naiti/Documents/Documents_NBMacBookPro/2026/DevToM/devtom-openrouter/logs/2026-07-14T18-41-06-00-00_tom-12dim-freeresponse_RaVeajARokJdnHtmSDFfWj.eval,Diverse Desires,0.6,0.24494897427831783
openrouter/meta-llama/llama-4-scout,tom_12dim_freeresponse,2026-07-14T18:41:06+00:00,file:///Users/Naiti/Documents/Documents_NBMacBookPro/2026/DevToM/devtom-openrouter/logs/2026-07-14T18-41-06-00-00_tom-12dim-freeresponse_RaVeajARokJdnHtmSDFfWj.eval,Emotion Recognition,0.8,0.19999999999999998
openrouter/meta-llama/llama-4-scout,tom_12dim_freeresponse,2026-07-14T18:41:06+00:00,file:///Users/Naiti/Documents/Documents_NBMacBookPro/2026/DevToM/devtom-openrouter/logs/2026-07-14T18-41-06-00-00_tom-12dim-freeresponse_RaVeajARokJdnHtmSDFfWj.eval,Faux Pas Detection,0.6,0.24494897427831783
openrouter/meta-llama/llama-4-scout,tom_12dim_freeresponse,2026-07-14T18:41:06+00:00,file:///Users/Naiti/Documents/Documents_NBMacBookPro/2026/DevToM/devtom-openrouter/logs/2026-07-14T18-41-06-00-00_tom-12dim-freeresponse_RaVeajARokJdnHtmSDFfWj.eval,First-Order False Belief,1.0,0.0
openrouter/meta-llama/llama-4-scout,tom_12dim_freeresponse,2026-07-14T18:41:06+00:00,file:///Users/Naiti/Documents/Documents_NBMacBookPro/2026/DevToM/devtom-openrouter/logs/2026-07-14T18-41-06-00-00_tom-12dim-freeresponse_RaVeajARokJdnHtmSDFfWj.eval,Hidden Emotion (Appearance vs. Reality),1.0,0.0
openrouter/meta-llama/llama-4-scout,tom_12dim_freeresponse,2026-07-14T18:41:06+00:00,file:///Users/Naiti/Documents/Documents_NBMacBookPro/2026/DevToM/devtom-openrouter/logs/2026-07-14T18-41-06-00-00_tom-12dim-freeresponse_RaVeajARokJdnHtmSDFfWj.eval,Intention vs. Accident,1.0,0.0
openrouter/meta-llama/llama-4-scout,tom_12dim_freeresponse,2026-07-14T18:41:06+00:00,file:///Users/Naiti/Documents/Documents_NBMacBookPro/2026/DevToM/devtom-openrouter/logs/2026-07-14T18-41-06-00-00_tom-12dim-freeresponse_RaVeajARokJdnHtmSDFfWj.eval,Irony,1.0,0.0
openrouter/meta-llama/llama-4-scout,tom_12dim_freeresponse,2026-07-14T18:41:06+00:00,file:///Users/Naiti/Documents/Documents_NBMacBookPro/2026/DevToM/devtom-openrouter/logs/2026-07-14T18-41-06-00-00_tom-12dim-freeresponse_RaVeajARokJdnHtmSDFfWj.eval,Knowledge Access / Ignorance,0.6,0.24494897427831783
openrouter/meta-llama/llama-4-scout,tom_12dim_freeresponse,2026-07-14T18:41:06+00:00,file:///Users/Naiti/Documents/Documents_NBMacBookPro/2026/DevToM/devtom-openrouter/logs/2026-07-14T18-41-06-00-00_tom-12dim-freeresponse_RaVeajARokJdnHtmSDFfWj.eval,Sarcasm,1.0,0.0
openrouter/meta-llama/llama-4-scout,tom_12dim_freeresponse,2026-07-14T18:41:06+00:00,file:///Users/Naiti/Documents/Documents_NBMacBookPro/2026/DevToM/devtom-openrouter/logs/2026-07-14T18-41-06-00-00_tom-12dim-freeresponse_RaVeajARokJdnHtmSDFfWj.eval,Second-Order False Belief,0.6,0.24494897427831783
openrouter/meta-llama/llama-4-scout,tom_12dim_freeresponse,2026-07-14T18:41:06+00:00,file:///Users/Naiti/Documents/Documents_NBMacBookPro/2026/DevToM/devtom-openrouter/logs/2026-07-14T18-41-06-00-00_tom-12dim-freeresponse_RaVeajARokJdnHtmSDFfWj.eval,White Lies / Prosocial Deception,0.4,0.24494897427831783
openrouter/mistralai/mistral-small-24b-instruct-2501,tom_12dim_freeresponse,2026-07-14T18:39:57+00:00,file:///Users/Naiti/Documents/Documents_NBMacBookPro/2026/DevToM/devtom-openrouter/logs/2026-07-14T18-39-57-00-00_tom-12dim-freeresponse_g4mcbFAP2qUyxiPG3WNBSj.eval,ALL (overall),0.8,0.05207556439232954
openrouter/mistralai/mistral-small-24b-instruct-2501,tom_12dim_freeresponse,2026-07-14T18:39:57+00:00,file:///Users/Naiti/Documents/Documents_NBMacBookPro/2026/DevToM/devtom-openrouter/logs/2026-07-14T18-39-57-00-00_tom-12dim-freeresponse_g4mcbFAP2qUyxiPG3WNBSj.eval,Diverse Beliefs,0.8,0.19999999999999998
openrouter/mistralai/mistral-small-24b-instruct-2501,tom_12dim_freeresponse,2026-07-14T18:39:57+00:00,file:///Users/Naiti/Documents/Documents_NBMacBookPro/2026/DevToM/devtom-openrouter/logs/2026-07-14T18-39-57-00-00_tom-12dim-freeresponse_g4mcbFAP2qUyxiPG3WNBSj.eval,Diverse Desires,0.8,0.20000000000000004
openrouter/mistralai/mistral-small-24b-instruct-2501,tom_12dim_freeresponse,2026-07-14T18:39:57+00:00,file:///Users/Naiti/Documents/Documents_NBMacBookPro/2026/DevToM/devtom-openrouter/logs/2026-07-14T18-39-57-00-00_tom-12dim-freeresponse_g4mcbFAP2qUyxiPG3WNBSj.eval,Emotion Recognition,0.8,0.19999999999999998
openrouter/mistralai/mistral-small-24b-instruct-2501,tom_12dim_freeresponse,2026-07-14T18:39:57+00:00,file:///Users/Naiti/Documents/Documents_NBMacBookPro/2026/DevToM/devtom-openrouter/logs/2026-07-14T18-39-57-00-00_tom-12dim-freeresponse_g4mcbFAP2qUyxiPG3WNBSj.eval,Faux Pas Detection,0.4,0.24494897427831783
openrouter/mistralai/mistral-small-24b-instruct-2501,tom_12dim_freeresponse,2026-07-14T18:39:57+00:00,file:///Users/Naiti/Documents/Documents_NBMacBookPro/2026/DevToM/devtom-openrouter/logs/2026-07-14T18-39-57-00-00_tom-12dim-freeresponse_g4mcbFAP2qUyxiPG3WNBSj.eval,First-Order False Belief,0.8,0.19999999999999998
openrouter/mistralai/mistral-small-24b-instruct-2501,tom_12dim_freeresponse,2026-07-14T18:39:57+00:00,file:///Users/Naiti/Documents/Documents_NBMacBookPro/2026/DevToM/devtom-openrouter/logs/2026-07-14T18-39-57-00-00_tom-12dim-freeresponse_g4mcbFAP2qUyxiPG3WNBSj.eval,Hidden Emotion (Appearance vs. Reality),1.0,0.0
openrouter/mistralai/mistral-small-24b-instruct-2501,tom_12dim_freeresponse,2026-07-14T18:39:57+00:00,file:///Users/Naiti/Documents/Documents_NBMacBookPro/2026/DevToM/devtom-openrouter/logs/2026-07-14T18-39-57-00-00_tom-12dim-freeresponse_g4mcbFAP2qUyxiPG3WNBSj.eval,Intention vs. Accident,0.8,0.20000000000000004
openrouter/mistralai/mistral-small-24b-instruct-2501,tom_12dim_freeresponse,2026-07-14T18:39:57+00:00,file:///Users/Naiti/Documents/Documents_NBMacBookPro/2026/DevToM/devtom-openrouter/logs/2026-07-14T18-39-57-00-00_tom-12dim-freeresponse_g4mcbFAP2qUyxiPG3WNBSj.eval,Irony,1.0,0.0
openrouter/mistralai/mistral-small-24b-instruct-2501,tom_12dim_freeresponse,2026-07-14T18:39:57+00:00,file:///Users/Naiti/Documents/Documents_NBMacBookPro/2026/DevToM/devtom-openrouter/logs/2026-07-14T18-39-57-00-00_tom-12dim-freeresponse_g4mcbFAP2qUyxiPG3WNBSj.eval,Knowledge Access / Ignorance,1.0,0.0
openrouter/mistralai/mistral-small-24b-instruct-2501,tom_12dim_freeresponse,2026-07-14T18:39:57+00:00,file:///Users/Naiti/Documents/Documents_NBMacBookPro/2026/DevToM/devtom-openrouter/logs/2026-07-14T18-39-57-00-00_tom-12dim-freeresponse_g4mcbFAP2qUyxiPG3WNBSj.eval,Sarcasm,1.0,0.0
openrouter/mistralai/mistral-small-24b-instruct-2501,tom_12dim_freeresponse,2026-07-14T18:39:57+00:00,file:///Users/Naiti/Documents/Documents_NBMacBookPro/2026/DevToM/devtom-openrouter/logs/2026-07-14T18-39-57-00-00_tom-12dim-freeresponse_g4mcbFAP2qUyxiPG3WNBSj.eval,Second-Order False Belief,0.4,0.24494897427831783
openrouter/mistralai/mistral-small-24b-instruct-2501,tom_12dim_freeresponse,2026-07-14T18:39:57+00:00,file:///Users/Naiti/Documents/Documents_NBMacBookPro/2026/DevToM/devtom-openrouter/logs/2026-07-14T18-39-57-00-00_tom-12dim-freeresponse_g4mcbFAP2qUyxiPG3WNBSj.eval,White Lies / Prosocial Deception,0.8,0.20000000000000004
openrouter/mistralai/mistral-small-3.2-24b-instruct,tom_12dim_freeresponse,2026-07-14T18:44:50+00:00,file:///Users/Naiti/Documents/Documents_NBMacBookPro/2026/DevToM/devtom-openrouter/logs/2026-07-14T18-44-50-00-00_tom-12dim-freeresponse_3rFc5oRWWZQkH8Uh4rw4UK.eval,ALL (overall),0.9333333333333333,0.03247482002983031
openrouter/mistralai/mistral-small-3.2-24b-instruct,tom_12dim_freeresponse,2026-07-14T18:44:50+00:00,file:///Users/Naiti/Documents/Documents_NBMacBookPro/2026/DevToM/devtom-openrouter/logs/2026-07-14T18-44-50-00-00_tom-12dim-freeresponse_3rFc5oRWWZQkH8Uh4rw4UK.eval,Diverse Beliefs,0.8,0.20000000000000004
openrouter/mistralai/mistral-small-3.2-24b-instruct,tom_12dim_freeresponse,2026-07-14T18:44:50+00:00,file:///Users/Naiti/Documents/Documents_NBMacBookPro/2026/DevToM/devtom-openrouter/logs/2026-07-14T18-44-50-00-00_tom-12dim-freeresponse_3rFc5oRWWZQkH8Uh4rw4UK.eval,Diverse Desires,1.0,0.0
openrouter/mistralai/mistral-small-3.2-24b-instruct,tom_12dim_freeresponse,2026-07-14T18:44:50+00:00,file:///Users/Naiti/Documents/Documents_NBMacBookPro/2026/DevToM/devtom-openrouter/logs/2026-07-14T18-44-50-00-00_tom-12dim-freeresponse_3rFc5oRWWZQkH8Uh4rw4UK.eval,Emotion Recognition,0.8,0.19999999999999998
openrouter/mistralai/mistral-small-3.2-24b-instruct,tom_12dim_freeresponse,2026-07-14T18:44:50+00:00,file:///Users/Naiti/Documents/Documents_NBMacBookPro/2026/DevToM/devtom-openrouter/logs/2026-07-14T18-44-50-00-00_tom-12dim-freeresponse_3rFc5oRWWZQkH8Uh4rw4UK.eval,Faux Pas Detection,0.6,0.24494897427831783
openrouter/mistralai/mistral-small-3.2-24b-instruct,tom_12dim_freeresponse,2026-07-14T18:44:50+00:00,file:///Users/Naiti/Documents/Documents_NBMacBookPro/2026/DevToM/devtom-openrouter/logs/2026-07-14T18-44-50-00-00_tom-12dim-freeresponse_3rFc5oRWWZQkH8Uh4rw4UK.eval,First-Order False Belief,1.0,0.0
openrouter/mistralai/mistral-small-3.2-24b-instruct,tom_12dim_freeresponse,2026-07-14T18:44:50+00:00,file:///Users/Naiti/Documents/Documents_NBMacBookPro/2026/DevToM/devtom-openrouter/logs/2026-07-14T18-44-50-00-00_tom-12dim-freeresponse_3rFc5oRWWZQkH8Uh4rw4UK.eval,Hidden Emotion (Appearance vs. Reality),1.0,0.0
openrouter/mistralai/mistral-small-3.2-24b-instruct,tom_12dim_freeresponse,2026-07-14T18:44:50+00:00,file:///Users/Naiti/Documents/Documents_NBMacBookPro/2026/DevToM/devtom-openrouter/logs/2026-07-14T18-44-50-00-00_tom-12dim-freeresponse_3rFc5oRWWZQkH8Uh4rw4UK.eval,Intention vs. Accident,1.0,0.0
openrouter/mistralai/mistral-small-3.2-24b-instruct,tom_12dim_freeresponse,2026-07-14T18:44:50+00:00,file:///Users/Naiti/Documents/Documents_NBMacBookPro/2026/DevToM/devtom-openrouter/logs/2026-07-14T18-44-50-00-00_tom-12dim-freeresponse_3rFc5oRWWZQkH8Uh4rw4UK.eval,Irony,1.0,0.0
openrouter/mistralai/mistral-small-3.2-24b-instruct,tom_12dim_freeresponse,2026-07-14T18:44:50+00:00,file:///Users/Naiti/Documents/Documents_NBMacBookPro/2026/DevToM/devtom-openrouter/logs/2026-07-14T18-44-50-00-00_tom-12dim-freeresponse_3rFc5oRWWZQkH8Uh4rw4UK.eval,Knowledge Access / Ignorance,1.0,0.0
openrouter/mistralai/mistral-small-3.2-24b-instruct,tom_12dim_freeresponse,2026-07-14T18:44:50+00:00,file:///Users/Naiti/Documents/Documents_NBMacBookPro/2026/DevToM/devtom-openrouter/logs/2026-07-14T18-44-50-00-00_tom-12dim-freeresponse_3rFc5oRWWZQkH8Uh4rw4UK.eval,Sarcasm,1.0,0.0
openrouter/mistralai/mistral-small-3.2-24b-instruct,tom_12dim_freeresponse,2026-07-14T18:44:50+00:00,file:///Users/Naiti/Documents/Documents_NBMacBookPro/2026/DevToM/devtom-openrouter/logs/2026-07-14T18-44-50-00-00_tom-12dim-freeresponse_3rFc5oRWWZQkH8Uh4rw4UK.eval,Second-Order False Belief,1.0,0.0
openrouter/mistralai/mistral-small-3.2-24b-instruct,tom_12dim_freeresponse,2026-07-14T18:44:50+00:00,file:///Users/Naiti/Documents/Documents_NBMacBookPro/2026/DevToM/devtom-openrouter/logs/2026-07-14T18-44-50-00-00_tom-12dim-freeresponse_3rFc5oRWWZQkH8Uh4rw4UK.eval,White Lies / Prosocial Deception,1.0,0.0
openrouter/qwen/qwen-2.5-72b-instruct,tom_12dim_freeresponse,2026-07-14T18:36:22+00:00,file:///Users/Naiti/Documents/Documents_NBMacBookPro/2026/DevToM/devtom-openrouter/logs/2026-07-14T18-36-22-00-00_tom-12dim-freeresponse_BQGFH5Cy3mo3cnDAN24NSJ.eval,ALL (overall),0.8333333333333334,0.0485185424782985
openrouter/qwen/qwen-2.5-72b-instruct,tom_12dim_freeresponse,2026-07-14T18:36:22+00:00,file:///Users/Naiti/Documents/Documents_NBMacBookPro/2026/DevToM/devtom-openrouter/logs/2026-07-14T18-36-22-00-00_tom-12dim-freeresponse_BQGFH5Cy3mo3cnDAN24NSJ.eval,Diverse Beliefs,1.0,0.0
openrouter/qwen/qwen-2.5-72b-instruct,tom_12dim_freeresponse,2026-07-14T18:36:22+00:00,file:///Users/Naiti/Documents/Documents_NBMacBookPro/2026/DevToM/devtom-openrouter/logs/2026-07-14T18-36-22-00-00_tom-12dim-freeresponse_BQGFH5Cy3mo3cnDAN24NSJ.eval,Diverse Desires,0.8,0.20000000000000004
openrouter/qwen/qwen-2.5-72b-instruct,tom_12dim_freeresponse,2026-07-14T18:36:22+00:00,file:///Users/Naiti/Documents/Documents_NBMacBookPro/2026/DevToM/devtom-openrouter/logs/2026-07-14T18-36-22-00-00_tom-12dim-freeresponse_BQGFH5Cy3mo3cnDAN24NSJ.eval,Emotion Recognition,1.0,0.0
openrouter/qwen/qwen-2.5-72b-instruct,tom_12dim_freeresponse,2026-07-14T18:36:22+00:00,file:///Users/Naiti/Documents/Documents_NBMacBookPro/2026/DevToM/devtom-openrouter/logs/2026-07-14T18-36-22-00-00_tom-12dim-freeresponse_BQGFH5Cy3mo3cnDAN24NSJ.eval,Faux Pas Detection,0.4,0.24494897427831783
openrouter/qwen/qwen-2.5-72b-instruct,tom_12dim_freeresponse,2026-07-14T18:36:22+00:00,file:///Users/Naiti/Documents/Documents_NBMacBookPro/2026/DevToM/devtom-openrouter/logs/2026-07-14T18-36-22-00-00_tom-12dim-freeresponse_BQGFH5Cy3mo3cnDAN24NSJ.eval,First-Order False Belief,1.0,0.0
openrouter/qwen/qwen-2.5-72b-instruct,tom_12dim_freeresponse,2026-07-14T18:36:22+00:00,file:///Users/Naiti/Documents/Documents_NBMacBookPro/2026/DevToM/devtom-openrouter/logs/2026-07-14T18-36-22-00-00_tom-12dim-freeresponse_BQGFH5Cy3mo3cnDAN24NSJ.eval,Hidden Emotion (Appearance vs. Reality),1.0,0.0
openrouter/qwen/qwen-2.5-72b-instruct,tom_12dim_freeresponse,2026-07-14T18:36:22+00:00,file:///Users/Naiti/Documents/Documents_NBMacBookPro/2026/DevToM/devtom-openrouter/logs/2026-07-14T18-36-22-00-00_tom-12dim-freeresponse_BQGFH5Cy3mo3cnDAN24NSJ.eval,Intention vs. Accident,1.0,0.0
openrouter/qwen/qwen-2.5-72b-instruct,tom_12dim_freeresponse,2026-07-14T18:36:22+00:00,file:///Users/Naiti/Documents/Documents_NBMacBookPro/2026/DevToM/devtom-openrouter/logs/2026-07-14T18-36-22-00-00_tom-12dim-freeresponse_BQGFH5Cy3mo3cnDAN24NSJ.eval,Irony,1.0,0.0
openrouter/qwen/qwen-2.5-72b-instruct,tom_12dim_freeresponse,2026-07-14T18:36:22+00:00,file:///Users/Naiti/Documents/Documents_NBMacBookPro/2026/DevToM/devtom-openrouter/logs/2026-07-14T18-36-22-00-00_tom-12dim-freeresponse_BQGFH5Cy3mo3cnDAN24NSJ.eval,Knowledge Access / Ignorance,0.8,0.19999999999999998
openrouter/qwen/qwen-2.5-72b-instruct,tom_12dim_freeresponse,2026-07-14T18:36:22+00:00,file:///Users/Naiti/Documents/Documents_NBMacBookPro/2026/DevToM/devtom-openrouter/logs/2026-07-14T18-36-22-00-00_tom-12dim-freeresponse_BQGFH5Cy3mo3cnDAN24NSJ.eval,Sarcasm,0.8,0.20000000000000004
openrouter/qwen/qwen-2.5-72b-instruct,tom_12dim_freeresponse,2026-07-14T18:36:22+00:00,file:///Users/Naiti/Documents/Documents_NBMacBookPro/2026/DevToM/devtom-openrouter/logs/2026-07-14T18-36-22-00-00_tom-12dim-freeresponse_BQGFH5Cy3mo3cnDAN24NSJ.eval,Second-Order False Belief,0.4,0.24494897427831783
openrouter/qwen/qwen-2.5-72b-instruct,tom_12dim_freeresponse,2026-07-14T18:36:22+00:00,file:///Users/Naiti/Documents/Documents_NBMacBookPro/2026/DevToM/devtom-openrouter/logs/2026-07-14T18-36-22-00-00_tom-12dim-freeresponse_BQGFH5Cy3mo3cnDAN24NSJ.eval,White Lies / Prosocial Deception,0.8,0.20000000000000004
openrouter/qwen/qwen-2.5-7b-instruct,tom_12dim_freeresponse,2026-07-14T18:36:10+00:00,file:///Users/Naiti/Documents/Documents_NBMacBookPro/2026/DevToM/devtom-openrouter/logs/2026-07-14T18-36-10-00-00_tom-12dim-freeresponse_SpnebNWEzArkb77GnWDqYc.eval,ALL (overall),0.7,0.059660053921349286
openrouter/qwen/qwen-2.5-7b-instruct,tom_12dim_freeresponse,2026-07-14T18:36:10+00:00,file:///Users/Naiti/Documents/Documents_NBMacBookPro/2026/DevToM/devtom-openrouter/logs/2026-07-14T18-36-10-00-00_tom-12dim-freeresponse_SpnebNWEzArkb77GnWDqYc.eval,Diverse Beliefs,0.8,0.19999999999999998
openrouter/qwen/qwen-2.5-7b-instruct,tom_12dim_freeresponse,2026-07-14T18:36:10+00:00,file:///Users/Naiti/Documents/Documents_NBMacBookPro/2026/DevToM/devtom-openrouter/logs/2026-07-14T18-36-10-00-00_tom-12dim-freeresponse_SpnebNWEzArkb77GnWDqYc.eval,Diverse Desires,1.0,0.0
openrouter/qwen/qwen-2.5-7b-instruct,tom_12dim_freeresponse,2026-07-14T18:36:10+00:00,file:///Users/Naiti/Documents/Documents_NBMacBookPro/2026/DevToM/devtom-openrouter/logs/2026-07-14T18-36-10-00-00_tom-12dim-freeresponse_SpnebNWEzArkb77GnWDqYc.eval,Emotion Recognition,0.8,0.19999999999999998
openrouter/qwen/qwen-2.5-7b-instruct,tom_12dim_freeresponse,2026-07-14T18:36:10+00:00,file:///Users/Naiti/Documents/Documents_NBMacBookPro/2026/DevToM/devtom-openrouter/logs/2026-07-14T18-36-10-00-00_tom-12dim-freeresponse_SpnebNWEzArkb77GnWDqYc.eval,Faux Pas Detection,0.0,0.0
openrouter/qwen/qwen-2.5-7b-instruct,tom_12dim_freeresponse,2026-07-14T18:36:10+00:00,file:///Users/Naiti/Documents/Documents_NBMacBookPro/2026/DevToM/devtom-openrouter/logs/2026-07-14T18-36-10-00-00_tom-12dim-freeresponse_SpnebNWEzArkb77GnWDqYc.eval,First-Order False Belief,1.0,0.0
openrouter/qwen/qwen-2.5-7b-instruct,tom_12dim_freeresponse,2026-07-14T18:36:10+00:00,file:///Users/Naiti/Documents/Documents_NBMacBookPro/2026/DevToM/devtom-openrouter/logs/2026-07-14T18-36-10-00-00_tom-12dim-freeresponse_SpnebNWEzArkb77GnWDqYc.eval,Hidden Emotion (Appearance vs. Reality),0.6,0.24494897427831783
openrouter/qwen/qwen-2.5-7b-instruct,tom_12dim_freeresponse,2026-07-14T18:36:10+00:00,file:///Users/Naiti/Documents/Documents_NBMacBookPro/2026/DevToM/devtom-openrouter/logs/2026-07-14T18-36-10-00-00_tom-12dim-freeresponse_SpnebNWEzArkb77GnWDqYc.eval,Intention vs. Accident,0.4,0.24494897427831783
openrouter/qwen/qwen-2.5-7b-instruct,tom_12dim_freeresponse,2026-07-14T18:36:10+00:00,file:///Users/Naiti/Documents/Documents_NBMacBookPro/2026/DevToM/devtom-openrouter/logs/2026-07-14T18-36-10-00-00_tom-12dim-freeresponse_SpnebNWEzArkb77GnWDqYc.eval,Irony,0.8,0.19999999999999998
openrouter/qwen/qwen-2.5-7b-instruct,tom_12dim_freeresponse,2026-07-14T18:36:10+00:00,file:///Users/Naiti/Documents/Documents_NBMacBookPro/2026/DevToM/devtom-openrouter/logs/2026-07-14T18-36-10-00-00_tom-12dim-freeresponse_SpnebNWEzArkb77GnWDqYc.eval,Knowledge Access / Ignorance,0.8,0.19999999999999998
openrouter/qwen/qwen-2.5-7b-instruct,tom_12dim_freeresponse,2026-07-14T18:36:10+00:00,file:///Users/Naiti/Documents/Documents_NBMacBookPro/2026/DevToM/devtom-openrouter/logs/2026-07-14T18-36-10-00-00_tom-12dim-freeresponse_SpnebNWEzArkb77GnWDqYc.eval,Sarcasm,0.8,0.19999999999999998
openrouter/qwen/qwen-2.5-7b-instruct,tom_12dim_freeresponse,2026-07-14T18:36:10+00:00,file:///Users/Naiti/Documents/Documents_NBMacBookPro/2026/DevToM/devtom-openrouter/logs/2026-07-14T18-36-10-00-00_tom-12dim-freeresponse_SpnebNWEzArkb77GnWDqYc.eval,Second-Order False Belief,0.8,0.19999999999999998
openrouter/qwen/qwen-2.5-7b-instruct,tom_12dim_freeresponse,2026-07-14T18:36:10+00:00,file:///Users/Naiti/Documents/Documents_NBMacBookPro/2026/DevToM/devtom-openrouter/logs/2026-07-14T18-36-10-00-00_tom-12dim-freeresponse_SpnebNWEzArkb77GnWDqYc.eval,White Lies / Prosocial Deception,0.6,0.24494897427831783
openrouter/qwen/qwen3-32b,tom_12dim_freeresponse,2026-07-14T18:43:23+00:00,file:///Users/Naiti/Documents/Documents_NBMacBookPro/2026/DevToM/devtom-openrouter/logs/2026-07-14T18-43-23-00-00_tom-12dim-freeresponse_TkvoDuqwx3RUSU95qscyqL.eval,ALL (overall),0.9333333333333333,0.03247482002983031
openrouter/qwen/qwen3-32b,tom_12dim_freeresponse,2026-07-14T18:43:23+00:00,file:///Users/Naiti/Documents/Documents_NBMacBookPro/2026/DevToM/devtom-openrouter/logs/2026-07-14T18-43-23-00-00_tom-12dim-freeresponse_TkvoDuqwx3RUSU95qscyqL.eval,Diverse Beliefs,1.0,0.0
openrouter/qwen/qwen3-32b,tom_12dim_freeresponse,2026-07-14T18:43:23+00:00,file:///Users/Naiti/Documents/Documents_NBMacBookPro/2026/DevToM/devtom-openrouter/logs/2026-07-14T18-43-23-00-00_tom-12dim-freeresponse_TkvoDuqwx3RUSU95qscyqL.eval,Diverse Desires,1.0,0.0
openrouter/qwen/qwen3-32b,tom_12dim_freeresponse,2026-07-14T18:43:23+00:00,file:///Users/Naiti/Documents/Documents_NBMacBookPro/2026/DevToM/devtom-openrouter/logs/2026-07-14T18-43-23-00-00_tom-12dim-freeresponse_TkvoDuqwx3RUSU95qscyqL.eval,Emotion Recognition,0.8,0.19999999999999998
openrouter/qwen/qwen3-32b,tom_12dim_freeresponse,2026-07-14T18:43:23+00:00,file:///Users/Naiti/Documents/Documents_NBMacBookPro/2026/DevToM/devtom-openrouter/logs/2026-07-14T18-43-23-00-00_tom-12dim-freeresponse_TkvoDuqwx3RUSU95qscyqL.eval,Faux Pas Detection,0.8,0.19999999999999998
openrouter/qwen/qwen3-32b,tom_12dim_freeresponse,2026-07-14T18:43:23+00:00,file:///Users/Naiti/Documents/Documents_NBMacBookPro/2026/DevToM/devtom-openrouter/logs/2026-07-14T18-43-23-00-00_tom-12dim-freeresponse_TkvoDuqwx3RUSU95qscyqL.eval,First-Order False Belief,1.0,0.0
openrouter/qwen/qwen3-32b,tom_12dim_freeresponse,2026-07-14T18:43:23+00:00,file:///Users/Naiti/Documents/Documents_NBMacBookPro/2026/DevToM/devtom-openrouter/logs/2026-07-14T18-43-23-00-00_tom-12dim-freeresponse_TkvoDuqwx3RUSU95qscyqL.eval,Hidden Emotion (Appearance vs. Reality),1.0,0.0
openrouter/qwen/qwen3-32b,tom_12dim_freeresponse,2026-07-14T18:43:23+00:00,file:///Users/Naiti/Documents/Documents_NBMacBookPro/2026/DevToM/devtom-openrouter/logs/2026-07-14T18-43-23-00-00_tom-12dim-freeresponse_TkvoDuqwx3RUSU95qscyqL.eval,Intention vs. Accident,1.0,0.0
openrouter/qwen/qwen3-32b,tom_12dim_freeresponse,2026-07-14T18:43:23+00:00,file:///Users/Naiti/Documents/Documents_NBMacBookPro/2026/DevToM/devtom-openrouter/logs/2026-07-14T18-43-23-00-00_tom-12dim-freeresponse_TkvoDuqwx3RUSU95qscyqL.eval,Irony,0.8,0.19999999999999998
openrouter/qwen/qwen3-32b,tom_12dim_freeresponse,2026-07-14T18:43:23+00:00,file:///Users/Naiti/Documents/Documents_NBMacBookPro/2026/DevToM/devtom-openrouter/logs/2026-07-14T18-43-23-00-00_tom-12dim-freeresponse_TkvoDuqwx3RUSU95qscyqL.eval,Knowledge Access / Ignorance,0.8,0.19999999999999998
openrouter/qwen/qwen3-32b,tom_12dim_freeresponse,2026-07-14T18:43:23+00:00,file:///Users/Naiti/Documents/Documents_NBMacBookPro/2026/DevToM/devtom-openrouter/logs/2026-07-14T18-43-23-00-00_tom-12dim-freeresponse_TkvoDuqwx3RUSU95qscyqL.eval,Sarcasm,1.0,0.0
openrouter/qwen/qwen3-32b,tom_12dim_freeresponse,2026-07-14T18:43:23+00:00,file:///Users/Naiti/Documents/Documents_NBMacBookPro/2026/DevToM/devtom-openrouter/logs/2026-07-14T18-43-23-00-00_tom-12dim-freeresponse_TkvoDuqwx3RUSU95qscyqL.eval,Second-Order False Belief,1.0,0.0
openrouter/qwen/qwen3-32b,tom_12dim_freeresponse,2026-07-14T18:43:23+00:00,file:///Users/Naiti/Documents/Documents_NBMacBookPro/2026/DevToM/devtom-openrouter/logs/2026-07-14T18-43-23-00-00_tom-12dim-freeresponse_TkvoDuqwx3RUSU95qscyqL.eval,White Lies / Prosocial Deception,1.0,0.0
